Date,Open,High,Low,Close,Volume,Dividends,Stock Splits
2017-01-03,45.688,45.746,44.587,44.741,6737800,0.0,0.0
2017-01-04,45.06,45.843,44.79,45.128,5859600,0.0,0.0
2017-01-05,44.954,45.35,44.074,44.345,6825300,0.0,0.0
2017-01-06,44.306,45.147,43.939,44.654,7260200,0.0,0.0
2017-01-09,44.461,45.746,44.239,45.495,4739100,0.0,0.0
2017-01-10,45.418,46.877,45.389,46.848,7483800,0.0,0.0
2017-01-11,47.631,48.22,46.481,47.002,6925800,0.0,0.0
2017-01-12,47.031,47.35,45.263,46.481,5447300,0.0,0.0
2017-01-13,46.539,46.8,45.939,46.046,3541700,0.0,0.0
2017-01-17,45.959,46.142,45.099,45.176,5350800,0.0,0.0
2017-01-18,45.804,46.191,45.079,46.036,5176500,0.0,0.0
2017-01-19,46.036,46.471,45.302,45.669,3729300,0.0,0.0
2017-01-20,45.939,46.539,45.65,46.384,5611800,0.0,0.0
2017-01-23,46.287,46.471,45.176,45.36,4284200,0.0,0.0
2017-01-24,45.466,46.191,45.224,45.939,4926700,0.0,0.0
2017-01-25,46.287,46.587,46.007,46.297,5075800,0.0,0.0
2017-01-26,46.8,48.036,46.703,47.92,10332800,0.0,0.0
2017-01-27,48.317,48.317,45.147,45.369,19411100,0.0,0.0
2017-01-30,44.084,44.374,42.383,43.388,16786100,0.0,0.0
2017-01-31,43.282,43.33,42.267,42.76,11719800,0.0,0.0
2017-02-01,43.243,43.485,42.432,42.567,7955500,0.0,0.0
2017-02-02,42.142,43.021,42.103,42.528,7607700,0.0,0.0
2017-02-03,42.818,43.05,42.287,42.712,6357900,0.0,0.0
2017-02-06,43.292,44.065,43.234,43.775,6496100,0.0,0.0
2017-02-07,44.21,44.577,43.495,43.649,6120000,0.0,0.0
2017-02-08,43.736,43.736,43.011,43.543,4329900,0.0,0.0
2017-02-09,43.65,45.131,43.524,44.841,7089900,0.1,0.0
2017-02-10,45.151,45.228,44.715,44.986,4040600,0.0,0.0
2017-02-13,45.093,46.274,45.034,45.916,6158600,0.0,0.0
2017-02-14,45.77,45.79,44.986,45.102,6271700,0.0,0.0
2017-02-15,46.09,46.536,45.451,46.042,8394800,0.0,0.0
2017-02-16,46.003,46.148,45.189,45.49,5681800,0.0,0.0
2017-02-17,45.354,45.616,44.967,45.432,4581600,0.0,0.0
2017-02-21,45.528,45.78,45.112,45.335,4672000,0.0,0.0
2017-02-22,45.034,45.228,44.424,44.86,5799600,0.0,0.0
2017-02-23,44.957,45.829,44.444,44.647,5247000,0.0,0.0
2017-02-24,44.55,44.841,44.143,44.821,4489600,0.0,0.0
2017-02-27,44.725,44.899,44.24,44.86,4130500,0.0,0.0
2017-02-28,44.86,45.248,44.579,44.899,4935600,0.0,0.0
2017-03-01,45.315,46.623,45.228,45.606,8278900,0.0,0.0
2017-03-02,45.199,45.267,44.202,44.279,7590700,0.0,0.0
2017-03-03,44.405,45.77,44.327,45.344,7256900,0.0,0.0
2017-03-06,44.947,45.209,42.981,43.882,11336600,0.0,0.0
2017-03-07,43.601,43.804,43.156,43.427,4565300,0.0,0.0
2017-03-08,43.378,43.872,43.194,43.475,5520400,0.0,0.0
2017-03-09,43.097,43.514,41.887,41.964,9330100,0.0,0.0
2017-03-10,42.09,42.565,41.616,42.516,6842300,0.0,0.0
2017-03-13,42.352,42.729,40.928,41.035,8882300,0.0,0.0
2017-03-14,40.734,40.773,39.553,39.911,10208500,0.0,0.0
2017-03-15,39.224,40.86,38.943,40.763,13986200,0.0,0.0
2017-03-16,40.851,41.015,40.144,40.802,7058300,0.0,0.0
2017-03-17,40.676,40.88,40.289,40.405,10185800,0.0,0.0
2017-03-20,40.851,41.083,40.144,40.386,6229800,0.0,0.0
2017-03-21,40.56,40.657,39.069,39.146,7938700,0.0,0.0
2017-03-22,38.526,39.272,37.974,39.078,9943000,0.0,0.0
2017-03-23,39.417,40.541,39.204,40.105,9516600,0.0,0.0
2017-03-24,40.376,40.744,40.115,40.415,6596600,0.0,0.0
2017-03-27,39.776,40.57,39.282,40.424,6050500,0.0,0.0
2017-03-28,40.512,41.577,40.24,41.257,6185800,0.0,0.0
2017-03-29,41.345,41.412,40.55,40.638,5331400,0.0,0.0
2017-03-30,40.531,41.296,40.473,41.199,3681400,0.0,0.0
2017-03-31,41.035,41.587,40.938,40.967,5427700,0.0,0.0
2017-04-03,40.996,41.228,40.318,41.112,5764700,0.0,0.0
2017-04-04,40.763,40.899,39.533,39.611,7254700,0.0,0.0
2017-04-05,39.853,40.802,39.766,40.008,7012700,0.0,0.0
2017-04-06,40.095,40.638,39.863,40.405,3627600,0.0,0.0
2017-04-07,40.221,40.773,39.979,40.492,4137000,0.0,0.0
2017-04-10,40.492,41.325,40.308,40.986,4650500,0.0,0.0
2017-04-11,41.432,42.565,41.073,42.545,10269600,0.0,0.0
2017-04-12,43.378,43.921,42.449,42.574,9991100,0.0,0.0
2017-04-13,42.565,42.633,41.974,41.984,5504900,0.0,0.0
2017-04-17,42.1,42.855,41.993,42.836,4563200,0.0,0.0
2017-04-18,42.642,43.127,42.032,42.429,5808900,0.0,0.0
2017-04-19,42.681,43.369,42.516,43.001,6573400,0.0,0.0
2017-04-20,43.301,43.95,43.156,43.795,4956500,0.0,0.0
2017-04-21,44.066,44.066,43.572,43.727,5536000,0.0,0.0
2017-04-24,44.066,44.976,44.037,44.976,6335300,0.0,0.0
2017-04-25,45.325,45.896,44.918,45.141,5960600,0.0,0.0
2017-04-26,45.044,45.422,44.783,44.938,6027600,0.0,0.0
2017-04-27,42.526,42.817,41.073,42.594,18988600,0.0,0.0
2017-04-28,42.633,42.671,41.219,41.277,13358000,0.0,0.0
2017-05-01,41.412,41.606,40.686,40.754,8591400,0.0,0.0
2017-05-02,40.734,42.526,40.725,42.487,9402500,0.0,0.0
2017-05-03,42.294,42.778,42.052,42.536,5144300,0.0,0.0
2017-05-04,42.788,42.991,41.838,42.526,4476100,0.0,0.0
2017-05-05,42.613,43.117,42.39,43.107,5462800,0.0,0.0
2017-05-08,43.194,43.63,43.117,43.524,6190700,0.0,0.0
2017-05-09,43.969,45.809,43.824,45.596,11116800,0.0,0.0
2017-05-10,45.548,46.274,45.199,45.809,7379800,0.0,0.0
2017-05-11,45.722,45.751,44.211,45.073,6086300,0.0,0.0
2017-05-12,44.898,45.073,44.384,44.481,3888700,0.1,0.0
2017-05-15,44.355,45.607,44.345,45.306,5534500,0.0,0.0
2017-05-16,45.413,45.743,43.423,45.558,4627800,0.0,0.0
2017-05-17,44.889,45.19,43.559,43.598,6906700,0.0,0.0
2017-05-18,43.093,44.064,43.074,43.336,6626700,0.0,0.0
2017-05-19,43.481,44.044,43.423,43.889,6736700,0.0,0.0
2017-05-22,43.996,44.889,43.996,44.85,4428600,0.0,0.0
2017-05-23,44.908,45.316,44.588,45.287,3008500,0.0,0.0
2017-05-24,45.364,46.034,45.277,45.393,3885100,0.0,0.0
2017-05-25,45.607,46.704,45.442,46.607,5441800,0.0,0.0
2017-05-26,46.383,47.383,46.325,47.305,5979300,0.0,0.0
2017-05-30,46.898,47.15,46.383,46.548,5512900,0.0,0.0
2017-05-31,46.781,47.053,46.131,46.985,4486100,0.0,0.0
2017-06-01,47.073,47.907,46.878,47.606,4421400,0.0,0.0
2017-06-02,48.101,48.985,47.917,48.063,7708600,0.0,0.0
2017-06-05,48.072,48.48,47.946,48.276,5466700,0.0,0.0
2017-06-06,48.014,48.625,47.868,48.276,4473500,0.0,0.0
2017-06-07,47.985,49.412,47.364,49.363,7078400,0.0,0.0
2017-06-08,49.363,50.343,48.926,49.916,6544300,0.0,0.0
2017-06-09,50.091,50.421,48.771,48.79,7204300,0.0,0.0
2017-06-12,48.625,48.742,46.684,48.024,8597900,0.0,0.0
2017-06-13,48.101,48.441,47.403,47.995,5153300,0.0,0.0
2017-06-14,48.179,48.315,47.451,47.936,4027800,0.0,0.0
2017-06-15,47.694,47.868,46.946,47.665,4579600,0.0,0.0
2017-06-16,47.461,47.995,47.189,47.354,6622100,0.0,0.0
2017-06-19,47.684,48.257,47.383,48.198,4104300,0.0,0.0
2017-06-20,47.771,47.907,46.597,46.616,6035100,0.0,0.0
2017-06-21,46.908,47.208,46.713,47.005,3469500,0.0,0.0
2017-06-22,49.014,49.072,47.354,47.529,9792100,0.0,0.0
2017-06-23,47.558,47.655,47.043,47.199,12682000,0.0,0.0
2017-06-26,47.373,48.315,47.111,47.344,3992900,0.0,0.0
2017-06-27,47.17,48.101,47.073,47.073,4264400,0.0,0.0
2017-06-28,47.383,48.334,47.373,47.8,4259700,0.0,0.0
2017-06-29,47.83,48.228,47.383,48.16,6170100,0.0,0.0
2017-06-30,48.451,49.023,48.14,48.839,6618700,0.0,0.0
2017-07-03,49.285,49.771,48.888,48.907,2906500,0.0,0.0
2017-07-05,48.955,50.033,48.703,49.751,5157500,0.0,0.0
2017-07-06,49.47,51.032,49.363,50.518,7021400,0.0,0.0
2017-07-07,50.761,51.809,50.644,51.469,6597000,0.0,0.0
2017-07-10,51.421,51.595,50.693,51.11,4600000,0.0,0.0
2017-07-11,51.032,51.11,49.955,50.091,4545700,0.0,0.0
2017-07-12,51.557,52.246,50.906,52.217,8348400,0.0,0.0
2017-07-13,51.828,52.877,51.586,52.226,5346700,0.0,0.0
2017-07-14,52.217,52.682,51.77,52.624,4537900,0.0,0.0
2017-07-17,52.614,52.682,52.265,52.284,3727400,0.0,0.0
2017-07-18,52.246,52.255,51.46,51.586,4101400,0.0,0.0
2017-07-19,50.722,51.625,50.256,51.062,5774700,0.0,0.0
2017-07-20,51.168,51.227,50.567,50.8,4836200,0.0,0.0
2017-07-21,50.596,51.003,49.936,50.382,4544400,0.0,0.0
2017-07-24,50.266,50.499,49.732,49.771,4876400,0.0,0.0
2017-07-25,49.984,50.372,49.062,49.12,4484900,0.0,0.0
2017-07-26,49.14,49.664,48.538,49.509,4776100,0.0,0.0
2017-07-27,48.858,48.858,47.315,48.528,10260300,0.0,0.0
2017-07-28,47.577,49.179,47.296,49.004,9153400,0.0,0.0
2017-07-31,49.353,49.722,48.567,48.955,6062900,0.0,0.0
2017-08-01,49.625,50.47,48.839,49.557,5045300,0.0,0.0
2017-08-02,49.392,49.674,48.431,48.965,4679700,0.0,0.0
2017-08-03,49.072,49.693,48.878,49.062,3231400,0.0,0.0
2017-08-04,49.179,49.421,48.907,49.305,2993500,0.0,0.0
2017-08-07,49.324,49.625,48.975,49.091,3016700,0.0,0.0
2017-08-08,49.188,49.285,48.422,48.528,4274400,0.0,0.0
2017-08-09,48.276,48.451,47.781,47.946,5020800,0.0,0.0
2017-08-10,47.683,47.985,46.867,47.217,5441400,0.1,0.0
2017-08-11,47.168,47.45,46.137,47.022,5610700,0.0,0.0
2017-08-14,47.518,47.82,47.168,47.47,2996500,0.0,0.0
2017-08-15,47.421,47.654,47.022,47.187,3149600,0.0,0.0
2017-08-16,47.304,47.392,46.944,47.081,4187300,0.0,0.0
2017-08-17,46.925,47.012,44.542,44.766,10304200,0.0,0.0
2017-08-18,45.028,45.028,44.192,44.299,6242800,0.0,0.0
2017-08-21,44.474,44.824,44.163,44.455,4353900,0.0,0.0
2017-08-22,44.591,44.669,44.085,44.163,4019700,0.0,0.0
2017-08-23,43.929,43.998,42.325,42.762,8159200,0.0,0.0
2017-08-24,42.918,42.937,41.498,41.741,7057500,0.0,0.0
2017-08-25,41.907,44.182,41.829,44.007,11738400,0.0,0.0
2017-08-28,43.988,44.124,43.55,43.716,6969300,0.0,0.0
2017-08-29,43.307,43.618,43.161,43.336,5195100,0.0,0.0
2017-08-30,43.317,43.54,42.685,43.103,5472600,0.0,0.0
2017-08-31,43.317,43.706,43.21,43.511,3799600,0.0,0.0
2017-09-01,43.618,44.221,43.424,44.066,4569400,0.0,0.0
2017-09-05,43.56,44.036,42.636,42.714,8501600,0.0,0.0
2017-09-06,41.907,43.453,41.44,43.093,8796700,0.0,0.0
2017-09-07,42.976,43.404,42.335,42.636,5095000,0.0,0.0
2017-09-08,42.607,42.899,42.296,42.403,4684600,0.0,0.0
2017-09-11,42.801,44.824,42.792,44.601,7921600,0.0,0.0
2017-09-12,44.639,45.204,44.377,45.019,6325100,0.0,0.0
2017-09-13,45.077,46.273,44.834,45.709,7288200,0.0,0.0
2017-09-14,45.505,45.651,44.853,44.921,5360500,0.0,0.0
2017-09-15,44.056,44.776,43.949,44.737,14846200,0.0,0.0
2017-09-18,44.756,45.028,44.027,44.066,4601200,0.0,0.0
2017-09-19,44.036,44.406,42.821,43.161,6884600,0.0,0.0
2017-09-20,43.686,44.309,43.239,44.173,4708100,0.0,0.0
2017-09-21,44.221,45.291,43.754,45.019,5864400,0.0,0.0
2017-09-22,45.291,46.157,45.077,45.768,5342000,0.0,0.0
2017-09-25,45.69,46.643,45.602,46.39,6363200,0.0,0.0
2017-09-26,46.526,46.935,45.933,46.273,4706000,0.0,0.0
2017-09-27,45.806,46.779,45.349,45.563,6183200,0.0,0.0
2017-09-28,45.495,47.265,45.495,46.186,8367800,0.0,0.0
2017-09-29,46.186,46.536,45.933,46.186,4904300,0.0,0.0
2017-10-02,46.215,46.614,45.923,46.419,4911700,0.0,0.0
2017-10-03,46.351,49.201,46.322,49.123,10261800,0.0,0.0
2017-10-04,49.113,50.251,49.103,49.337,7454500,0.0,0.0
2017-10-05,49.453,49.59,48.88,49.171,4212300,0.0,0.0
2017-10-06,49.308,50.173,49.259,49.891,4240500,0.0,0.0
2017-10-09,49.823,50.066,49.016,49.21,3691500,0.0,0.0
2017-10-10,50.572,51.788,50.552,51.574,9387100,0.0,0.0
2017-10-11,51.642,52.264,50.893,51.379,5396800,0.0,0.0
2017-10-12,51.272,51.379,50.903,51.204,2942800,0.0,0.0
2017-10-13,51.224,51.408,50.825,51.253,2960300,0.0,0.0
2017-10-16,51.078,51.233,50.504,50.834,3262300,0.0,0.0
2017-10-17,51.272,51.369,50.445,50.64,3651200,0.0,0.0
2017-10-18,50.679,51.0,50.436,50.601,2542400,0.0,0.0
2017-10-19,50.154,50.407,48.267,50.095,7568200,0.0,0.0
2017-10-20,50.144,50.805,50.115,50.504,3643400,0.0,0.0
2017-10-23,50.494,50.523,49.473,49.58,3456500,0.0,0.0
2017-10-24,49.619,50.669,49.162,50.523,3654900,0.0,0.0
2017-10-25,50.358,50.358,49.22,49.619,4658300,0.0,0.0
2017-10-26,50.572,51.729,46.993,47.275,12079000,0.0,0.0
2017-10-27,47.081,47.547,46.03,46.254,8591500,0.0,0.0
2017-10-30,46.341,46.361,45.544,45.952,5402500,0.0,0.0
2017-10-31,45.923,46.293,45.505,45.534,4596600,0.0,0.0
2017-11-01,46.682,46.876,46.069,46.526,4354500,0.0,0.0
2017-11-02,46.478,46.614,45.797,46.059,2410700,0.0,0.0
2017-11-03,46.059,46.302,45.515,46.147,4037100,0.0,0.0
2017-11-06,46.157,46.779,45.982,46.205,4249500,0.0,0.0
2017-11-07,46.205,46.234,45.126,45.184,3756400,0.0,0.0
2017-11-08,45.145,45.69,44.581,45.097,3198800,0.0,0.0
2017-11-09,44.591,45.077,44.114,44.513,3561500,0.0,0.0
2017-11-10,44.484,44.952,44.406,44.659,2433000,0.1,0.0
2017-11-13,44.474,44.698,44.182,44.581,1772400,0.0,0.0
2017-11-14,44.152,44.805,44.123,44.649,1827100,0.0,0.0
2017-11-15,44.552,46.111,44.299,45.994,5223100,0.0,0.0
2017-11-16,46.063,46.842,46.043,46.472,4461400,0.0,0.0
2017-11-17,46.394,46.54,45.994,46.189,2324800,0.0,0.0
2017-11-20,46.131,46.667,45.926,46.482,2436000,0.0,0.0
2017-11-21,46.677,47.681,46.336,47.418,2796200,0.0,0.0
2017-11-22,47.349,47.729,47.047,47.427,2326900,0.0,0.0
2017-11-24,47.427,47.525,47.125,47.33,1352400,0.0,0.0
2017-11-27,47.379,47.593,47.076,47.193,2630800,0.0,0.0
2017-11-28,47.213,48.168,46.979,47.973,3864100,0.0,0.0
2017-11-29,48.129,49.864,47.427,48.002,8154200,0.0,0.0
2017-11-30,48.499,49.815,48.051,49.211,6016200,0.0,0.0
2017-12-01,48.412,49.104,47.456,47.759,6229600,0.0,0.0
2017-12-04,48.831,50.166,48.392,48.665,7113800,0.0,0.0
2017-12-05,48.587,48.733,47.963,48.217,3594000,0.0,0.0
2017-12-06,48.139,48.548,47.944,48.353,2835500,0.0,0.0
2017-12-07,48.275,49.63,48.051,49.591,3047000,0.0,0.0
2017-12-08,49.932,50.478,49.64,49.727,3817900,0.0,0.0
2017-12-11,49.494,50.283,49.474,50.0,2835600,0.0,0.0
2017-12-12,49.971,50.225,49.104,49.191,2798200,0.0,0.0
2017-12-13,49.299,49.464,48.587,48.821,3035200,0.0,0.0
2017-12-14,49.308,50.059,48.811,48.938,4503100,0.0,0.0
2017-12-15,49.386,50.195,49.123,49.766,9074200,0.0,0.0
2017-12-18,49.952,50.351,49.952,50.186,3235900,0.0,0.0
2017-12-19,50.293,50.497,49.981,50.137,3019800,0.0,0.0
2017-12-20,50.264,50.78,49.874,50.605,5172800,0.0,0.0
2017-12-21,50.839,52.115,50.751,51.453,7125900,0.0,0.0
2017-12-22,51.384,51.54,51.092,51.258,2425100,0.0,0.0
2017-12-26,51.024,51.872,51.004,51.511,2774000,0.0,0.0
2017-12-27,51.462,51.54,50.741,51.073,2831400,0.0,0.0
2017-12-28,51.121,51.297,50.897,51.131,1845300,0.0,0.0
2017-12-29,51.092,51.482,50.692,50.712,2696300,0.0,0.0
2018-01-02,51.004,51.755,50.585,51.648,4084700,0.0,0.0
2018-01-03,51.521,51.521,50.741,51.014,5074900,0.0,0.0
2018-01-04,51.15,53.022,50.946,51.336,3557100,0.0,0.0
2018-01-05,51.443,51.501,51.102,51.316,2967800,0.0,0.0
2018-01-08,51.267,51.306,50.614,50.809,3515800,0.0,0.0
2018-01-09,51.628,52.018,50.692,50.761,3426000,0.0,0.0
2018-01-10,51.881,52.651,51.54,52.418,7655800,0.0,0.0
2018-01-11,53.11,55.556,52.807,54.991,11339900,0.0,0.0
2018-01-12,55.127,57.242,55.127,56.989,7505800,0.0,0.0
2018-01-16,57.301,57.583,56.073,56.511,5283900,0.0,0.0
2018-01-17,56.833,57.096,56.336,56.687,3148900,0.0,0.0
2018-01-18,56.531,57.223,56.102,56.862,3969100,0.0,0.0
2018-01-19,57.106,57.106,56.297,56.589,3151200,0.0,0.0
2018-01-22,56.521,56.862,56.073,56.628,3553900,0.0,0.0
2018-01-23,56.277,56.979,55.946,56.813,3337000,0.0,0.0
2018-01-24,52.973,54.055,52.096,53.402,16348500,0.0,0.0
2018-01-25,52.632,53.168,50.887,51.706,10223100,0.0,0.0
2018-01-26,52.291,52.535,51.014,51.726,7066100,0.0,0.0
2018-01-29,51.453,51.813,51.258,51.345,5953700,0.0,0.0
2018-01-30,51.121,51.706,51.034,51.258,4741800,0.0,0.0
2018-01-31,51.735,53.324,51.657,52.944,5962900,0.0,0.0
2018-02-01,52.632,53.256,52.232,52.515,3623100,0.0,0.0
2018-02-02,52.135,52.622,50.712,50.78,5109400,0.0,0.0
2018-02-05,50.028,51.161,48.583,48.593,6878300,0.1,0.0
2018-02-06,48.163,50.292,47.645,49.979,6782500,0.0,0.0
2018-02-07,49.716,50.761,49.696,50.194,4845800,0.0,0.0
2018-02-08,50.233,50.253,47.372,47.46,5995100,0.0,0.0
2018-02-09,48.534,48.563,45.243,47.226,6837800,0.0,0.0
2018-02-12,47.645,49.325,47.509,48.915,5437800,0.0,0.0
2018-02-13,48.534,49.725,48.475,49.677,3758000,0.0,0.0
2018-02-14,49.061,50.35,48.934,49.872,4983200,0.0,0.0
2018-02-15,50.243,50.663,49.745,50.458,3140800,0.0,0.0
2018-02-16,50.585,50.985,50.321,50.37,3891300,0.0,0.0
2018-02-20,50.028,51.005,49.901,50.507,3379700,0.0,0.0
2018-02-21,50.741,52.596,50.614,51.542,5396700,0.0,0.0
2018-02-22,51.991,52.157,51.464,51.737,4356700,0.0,0.0
2018-02-23,52.05,52.225,51.483,52.137,3394700,0.0,0.0
2018-02-26,52.723,53.837,52.655,53.71,4962100,0.0,0.0
2018-02-27,53.602,54.296,52.968,52.987,4878400,0.0,0.0
2018-02-28,53.134,53.319,52.382,52.977,4343800,0.0,0.0
2018-03-01,52.87,54.012,52.05,52.225,5895600,0.0,0.0
2018-03-02,51.659,52.167,50.653,51.932,4918200,0.0,0.0
2018-03-05,51.659,52.43,51.454,51.942,3974800,0.0,0.0
2018-03-06,52.089,52.753,51.659,52.313,4273800,0.0,0.0
2018-03-07,51.874,52.899,51.796,52.841,3216900,0.0,0.0
2018-03-08,53.055,54.384,53.007,53.505,4189500,0.0,0.0
2018-03-09,53.759,54.764,53.368,54.755,3468900,0.0,0.0
2018-03-12,54.94,55.634,54.325,55.175,3256400,0.0,0.0
2018-03-13,55.526,56.092,54.716,54.911,4361800,0.0,0.0
2018-03-14,55.243,55.868,53.866,53.983,4267000,0.0,0.0
2018-03-15,54.052,54.257,53.641,53.876,2980500,0.0,0.0
2018-03-16,54.012,55.087,53.973,54.1,4574400,0.0,0.0
2018-03-19,54.032,54.384,52.919,53.339,3834300,0.0,0.0
2018-03-20,53.641,54.393,53.387,54.022,2555600,0.0,0.0
2018-03-21,52.938,53.329,51.923,52.821,4811600,0.0,0.0
2018-03-22,52.323,52.909,51.063,51.083,4871300,0.0,0.0
2018-03-23,51.395,51.854,49.794,49.813,3966000,0.0,0.0
2018-03-26,50.722,50.819,49.452,50.643,3210500,0.0,0.0
2018-03-27,51.073,51.122,49.364,49.706,2940700,0.0,0.0
2018-03-28,49.706,50.057,48.876,49.657,4177500,0.0,0.0
2018-03-29,50.097,51.2,49.833,50.741,3074100,0.0,0.0
2018-04-02,50.556,50.731,47.811,48.612,4185800,0.0,0.0
2018-04-03,49.052,50.341,48.407,50.263,3863300,0.0,0.0
2018-04-04,49.413,50.878,49.325,50.819,3955000,0.0,0.0
2018-04-05,51.268,51.835,50.614,50.917,3060900,0.0,0.0
2018-04-06,50.497,50.741,48.641,49.11,4302600,0.0,0.0
2018-04-09,49.315,49.667,48.573,48.651,4330100,0.0,0.0
2018-04-10,49.335,49.384,46.102,46.347,12805000,0.0,0.0
2018-04-11,46.044,46.347,44.306,44.335,10151100,0.0,0.0
2018-04-12,44.95,45.702,44.442,45.477,7040400,0.0,0.0
2018-04-13,45.653,45.946,44.677,44.794,5226300,0.0,0.0
2018-04-16,45.048,45.839,44.735,45.311,4516300,0.0,0.0
2018-04-17,45.653,45.927,44.55,44.677,6961100,0.0,0.0
2018-04-18,45.409,47.245,44.97,46.64,9170700,0.0,0.0
2018-04-19,46.415,46.649,45.321,45.78,5759300,0.0,0.0
2018-04-20,45.81,46.132,45.351,45.683,5344700,0.0,0.0
2018-04-23,45.751,46.083,45.038,45.585,4221700,0.0,0.0
2018-04-24,45.624,46.063,44.052,44.618,3954300,0.0,0.0
2018-04-25,44.599,44.853,42.86,44.188,7847600,0.0,0.0
2018-04-26,42.47,42.772,39.696,41.376,20517300,0.0,0.0
2018-04-27,41.552,42.46,41.337,42.382,6955200,0.0,0.0
2018-04-30,42.48,42.782,41.757,41.923,6472900,0.0,0.0
2018-05-01,41.855,42.44,41.562,42.343,5341200,0.0,0.0
2018-05-02,42.216,42.392,41.2,41.249,6314400,0.0,0.0
2018-05-03,41.259,41.493,40.565,41.122,4700500,0.0,0.0
2018-05-04,40.771,42.431,40.771,41.855,5540900,0.0,0.0
2018-05-07,42.011,42.315,41.228,41.541,5331000,0.1,0.0
2018-05-08,41.434,43.078,41.434,42.089,7766600,0.0,0.0
2018-05-09,42.021,42.246,40.592,40.621,8273700,0.0,0.0
2018-05-10,40.631,41.561,40.631,41.15,7931600,0.0,0.0
2018-05-11,41.189,41.757,41.13,41.698,6066700,0.0,0.0
2018-05-14,41.845,42.178,41.306,41.561,4201600,0.0,0.0
2018-05-15,41.13,42.481,40.719,42.275,6909600,0.0,0.0
2018-05-16,42.217,43.959,42.129,43.127,7493600,0.0,0.0
2018-05-17,42.97,43.567,42.569,42.706,5334100,0.0,0.0
2018-05-18,42.638,42.833,42.129,42.461,4216100,0.0,0.0
2018-05-21,42.814,43.842,42.706,43.342,4930200,0.0,0.0
2018-05-22,43.558,44.086,41.923,41.972,6892400,0.0,0.0
2018-05-23,41.737,41.962,41.375,41.894,3915900,0.0,0.0
2018-05-24,42.031,42.961,41.855,42.638,3855300,0.0,0.0
2018-05-25,42.892,44.85,42.873,43.959,6517300,0.0,0.0
2018-05-29,43.656,44.194,42.305,42.667,4531800,0.0,0.0
2018-05-30,42.755,42.902,41.757,42.383,5457900,0.0,0.0
2018-05-31,42.481,43.763,42.06,42.618,8540100,0.0,0.0
2018-06-01,43.117,43.156,42.432,43.068,5472300,0.0,0.0
2018-06-04,43.107,44.057,43.029,43.91,5685200,0.0,0.0
2018-06-05,43.832,44.067,42.882,43.244,4975300,0.0,0.0
2018-06-06,42.53,43.293,41.972,43.254,6502500,0.0,0.0
2018-06-07,43.342,43.538,42.53,42.912,3729000,0.0,0.0
2018-06-08,43.029,43.039,42.05,42.197,6273000,0.0,0.0
2018-06-11,42.334,43.979,42.334,43.225,6440700,0.0,0.0
2018-06-12,43.293,43.362,42.178,42.491,5204600,0.0,0.0
2018-06-13,42.471,42.765,41.923,42.011,5989000,0.0,0.0
2018-06-14,42.148,42.569,41.894,42.168,4019300,0.0,0.0
2018-06-15,42.148,42.197,41.424,41.864,7032000,0.0,0.0
2018-06-18,41.727,41.776,41.052,41.541,5372100,0.0,0.0
2018-06-19,41.14,41.316,40.22,40.631,5575300,0.0,0.0
2018-06-20,40.768,41.443,40.474,41.14,4930600,0.0,0.0
2018-06-21,41.14,41.6,40.494,40.611,5025300,0.0,0.0
2018-06-22,40.582,41.512,40.151,40.474,9115100,0.0,0.0
2018-06-25,40.22,40.396,38.458,38.84,7126400,0.0,0.0
2018-06-26,39.026,39.114,38.164,38.262,6037400,0.0,0.0
2018-06-27,38.262,38.35,37.44,37.45,7391600,0.0,0.0
2018-06-28,37.518,37.714,36.275,37.391,7909700,0.0,0.0
2018-06-29,37.44,37.929,37.019,37.156,6032100,0.0,0.0
2018-07-02,36.941,37.587,36.647,37.548,3363500,0.0,0.0
2018-07-03,36.843,37.518,35.982,36.951,5645300,0.0,0.0
2018-07-05,37.048,37.372,36.725,37.186,6181500,0.0,0.0
2018-07-06,37.381,37.577,36.96,37.283,3695000,0.0,0.0
2018-07-09,37.401,38.575,37.264,38.478,4530400,0.0,0.0
2018-07-10,38.546,38.566,37.685,38.292,4910000,0.0,0.0
2018-07-11,37.499,37.528,35.14,35.199,24894200,0.0,0.0
2018-07-12,35.629,35.991,34.885,35.561,12226300,0.0,0.0
2018-07-13,35.541,36.471,35.375,36.334,10829800,0.0,0.0
2018-07-16,36.471,36.784,36.148,36.491,5358400,0.0,0.0
2018-07-17,36.314,37.244,36.295,36.588,6274400,0.0,0.0
2018-07-18,37.195,38.37,37.195,37.557,10297400,0.0,0.0
2018-07-19,37.509,37.567,36.755,37.323,4985200,0.0,0.0
2018-07-20,37.156,37.567,37.009,37.078,5302700,0.0,0.0
2018-07-23,36.853,37.411,36.569,37.234,4697300,0.0,0.0
2018-07-24,37.381,37.577,36.256,36.657,6415100,0.0,0.0
2018-07-25,36.53,37.528,36.53,37.381,7336300,0.0,0.0
2018-07-26,37.048,39.593,36.804,39.173,12832300,0.0,0.0
2018-07-27,39.084,39.995,38.673,38.85,8445100,0.0,0.0
2018-07-30,39.036,39.437,38.106,38.145,5746200,0.0,0.0
2018-07-31,38.429,39.026,38.311,38.703,5761100,0.0,0.0
2018-08-01,38.546,38.634,36.892,37.332,7080700,0.0,0.0
2018-08-02,37.058,37.313,36.559,37.127,5920700,0.0,0.0
2018-08-03,37.254,37.802,37.244,37.606,3975100,0.0,0.0
2018-08-06,37.548,37.773,37.165,37.695,3339900,0.1,0.0
2018-08-07,37.93,38.019,37.479,37.548,6427100,0.0,0.0
2018-08-08,37.695,38.136,37.508,37.665,3886500,0.0,0.0
2018-08-09,37.832,38.019,37.184,37.214,3699400,0.0,0.0
2018-08-10,37.047,37.086,35.771,36.566,7481700,0.0,0.0
2018-08-13,36.596,36.635,35.997,36.105,4051800,0.0,0.0
2018-08-14,36.154,36.861,36.144,36.399,3873000,0.0,0.0
2018-08-15,36.272,36.812,35.742,36.743,5599200,0.0,0.0
2018-08-16,37.047,37.744,36.743,37.449,5876500,0.0,0.0
2018-08-17,37.283,37.498,37.018,37.086,6364900,0.0,0.0
2018-08-20,37.332,39.353,37.283,39.245,9628900,0.0,0.0
2018-08-21,39.236,39.952,39.098,39.579,6491800,0.0,0.0
2018-08-22,39.334,39.442,38.411,38.46,5593100,0.0,0.0
2018-08-23,38.46,38.657,37.999,38.107,3931900,0.0,0.0
2018-08-24,38.176,38.421,37.813,38.097,3561700,0.0,0.0
2018-08-27,38.293,39.078,38.293,38.784,11236000,0.0,0.0
2018-08-28,38.931,39.942,38.863,39.932,7373500,0.0,0.0
2018-08-29,39.903,40.276,39.5,39.746,4475100,0.0,0.0
2018-08-30,39.608,40.08,39.402,39.648,4330100,0.0,0.0
2018-08-31,39.5,39.795,39.432,39.726,3464000,0.0,0.0
2018-09-04,39.569,40.57,39.569,40.011,7123200,0.0,0.0
2018-09-05,40.05,40.6,38.156,38.931,9738800,0.0,0.0
2018-09-06,38.745,38.951,37.538,37.763,6917300,0.0,0.0
2018-09-07,37.597,38.539,37.44,37.714,4875700,0.0,0.0
2018-09-10,37.94,38.755,37.773,38.696,3901000,0.0,0.0
2018-09-11,38.598,39.559,38.342,39.432,5863600,0.0,0.0
2018-09-12,39.51,39.648,38.499,38.529,6103400,0.0,0.0
2018-09-13,38.755,39.314,38.686,38.745,4268900,0.0,0.0
2018-09-14,38.804,39.226,38.588,39.0,2905100,0.0,0.0
2018-09-17,38.961,39.795,38.961,39.569,5072800,0.0,0.0
2018-09-18,39.608,40.099,38.912,40.03,5548300,0.0,0.0
2018-09-19,40.03,40.992,39.942,40.825,7413600,0.0,0.0
2018-09-20,41.041,41.385,40.423,41.11,6865600,0.0,0.0
2018-09-21,41.257,43.073,41.208,42.788,10743100,0.0,0.0
2018-09-24,42.464,42.494,41.071,41.198,7105100,0.0,0.0
2018-09-25,41.218,41.404,39.52,40.05,6744200,0.0,0.0
2018-09-26,40.08,40.708,40.021,40.276,4623700,0.0,0.0
2018-09-27,40.462,41.414,40.384,40.727,5654600,0.0,0.0
2018-09-28,40.6,41.179,39.942,40.56,5030600,0.0,0.0
2018-10-01,40.639,40.973,38.863,38.872,7210700,0.0,0.0
2018-10-02,38.863,38.863,37.685,37.783,7625000,0.0,0.0
2018-10-03,37.979,38.529,37.705,38.077,6370300,0.0,0.0
2018-10-04,38.077,38.284,36.782,37.214,5916500,0.0,0.0
2018-10-05,37.224,37.42,35.536,35.761,9127000,0.0,0.0
2018-10-08,35.761,36.164,34.937,35.231,7879300,0.0,0.0
2018-10-09,35.624,35.712,32.788,32.925,19662600,0.0,0.0
2018-10-10,32.709,32.778,31.002,31.021,20539000,0.0,0.0
2018-10-11,31.699,32.14,30.177,30.688,17115800,0.0,0.0
2018-10-12,31.375,31.532,30.236,30.334,12905200,0.0,0.0
2018-10-15,30.423,31.64,30.246,31.188,11092500,0.0,0.0
2018-10-16,31.463,32.817,31.384,32.66,11339200,0.0,0.0
2018-10-17,33.808,34.741,32.906,32.945,15068600,0.0,0.0
2018-10-18,32.955,33.131,31.277,31.463,12778300,0.0,0.0
2018-10-19,31.492,32.042,31.218,31.443,10445200,0.0,0.0
2018-10-22,31.669,31.914,31.227,31.561,7572100,0.0,0.0
2018-10-23,30.943,31.836,30.03,31.777,12468300,0.0,0.0
2018-10-24,31.875,32.14,29.677,29.775,15348200,0.0,0.0
2018-10-25,30.609,32.709,30.541,31.767,18375200,0.0,0.0
2018-10-26,30.815,32.395,30.717,31.856,11438600,0.0,0.0
2018-10-29,32.523,33.357,31.355,31.993,9405500,0.0,0.0
2018-10-30,31.836,34.132,31.728,34.015,13067600,0.0,0.0
2018-10-31,34.505,35.231,34.162,34.427,11132800,0.0,0.0
2018-11-01,34.643,35.791,34.417,35.693,9643200,0.0,0.0
2018-11-02,35.909,36.762,34.976,35.653,10039100,0.0,0.0
2018-11-05,35.772,35.939,34.571,35.152,11305300,0.1,0.0
2018-11-06,35.034,35.388,34.286,34.61,11376700,0.0,0.0
2018-11-07,35.004,36.795,34.915,36.382,10904000,0.0,0.0
2018-11-08,36.185,36.46,35.398,36.273,6884800,0.0,0.0
2018-11-09,36.116,36.667,35.457,35.644,6794400,0.0,0.0
2018-11-12,35.732,36.706,35.211,36.273,9360800,0.0,0.0
2018-11-13,36.559,37.809,36.51,37.179,9694100,0.0,0.0
2018-11-14,37.395,37.976,36.854,37.504,7288400,0.0,0.0
2018-11-15,37.267,37.553,35.732,37.218,8296700,0.0,0.0
2018-11-16,36.805,36.933,35.919,36.165,10645700,0.0,0.0
2018-11-19,36.175,36.49,34.748,35.25,9421000,0.0,0.0
2018-11-20,34.492,35.811,34.305,35.024,7059600,0.0,0.0
2018-11-21,35.516,36.913,35.398,35.732,8701500,0.0,0.0
2018-11-23,36.077,37.661,36.077,37.346,6121300,0.0,0.0
2018-11-26,37.691,38.005,37.1,37.494,9203100,0.0,0.0
2018-11-27,37.602,38.153,37.208,37.681,8143000,0.0,0.0
2018-11-28,37.976,38.35,37.179,38.32,6673800,0.0,0.0
2018-11-29,38.183,38.714,37.789,37.809,5178100,0.0,0.0
2018-11-30,37.809,39.56,37.809,39.521,10015700,0.0,0.0
2018-12-03,39.924,39.934,38.517,39.019,6578000,0.0,0.0
2018-12-04,38.202,38.586,36.086,36.106,12315100,0.0,0.0
2018-12-06,35.427,36.51,35.22,36.352,9378900,0.0,0.0
2018-12-07,35.998,36.018,32.849,33.036,14380100,0.0,0.0
2018-12-10,33.134,33.626,32.091,33.302,8569100,0.0,0.0
2018-12-11,33.813,34.256,33.075,33.557,8055400,0.0,0.0
2018-12-12,34.0,34.236,33.548,33.803,7630500,0.0,0.0
2018-12-13,33.754,34.138,31.865,31.943,10279700,0.0,0.0
2018-12-14,31.756,32.741,31.57,31.894,8558600,0.0,0.0
2018-12-17,31.786,32.337,31.196,31.53,7638100,0.0,0.0
2018-12-18,31.953,33.115,31.953,33.006,9117600,0.0,0.0
2018-12-19,32.928,33.439,31.717,31.904,8120500,0.0,0.0
2018-12-20,31.825,32.16,30.458,31.383,9439600,0.0,0.0
2018-12-21,31.442,32.13,30.162,30.29,11800600,0.0,0.0
2018-12-24,30.025,30.428,29.198,29.247,5902000,0.0,0.0
2018-12-26,29.641,31.816,29.119,31.776,8621300,0.0,0.0
2018-12-27,31.205,31.54,30.379,31.53,7751300,0.0,0.0
2018-12-28,31.658,32.081,31.009,31.323,6379400,0.0,0.0
2018-12-31,31.579,32.101,31.176,31.599,5334700,0.0,0.0
2019-01-02,30.959,32.13,30.556,31.963,5229500,0.0,0.0
2019-01-03,31.186,31.343,28.352,29.582,16822000,0.0,0.0
2019-01-04,29.956,31.579,29.916,31.53,9369600,0.0,0.0
2019-01-07,31.481,32.947,30.743,32.426,8010700,0.0,0.0
2019-01-08,32.829,33.115,31.688,31.904,7107700,0.0,0.0
2019-01-09,31.904,33.016,31.786,32.888,6179400,0.0,0.0
2019-01-10,30.133,31.697,29.306,31.53,19726300,0.0,0.0
2019-01-11,31.294,31.481,30.605,31.294,6900100,0.0,0.0
2019-01-14,30.9,31.422,30.211,31.205,5878500,0.0,0.0
2019-01-15,31.373,32.337,31.127,31.589,7643100,0.0,0.0
2019-01-16,32.298,33.134,32.219,32.317,9141600,0.0,0.0
2019-01-17,32.229,33.351,32.111,33.046,5917500,0.0,0.0
2019-01-18,33.302,33.498,32.622,33.429,5817700,0.0,0.0
2019-01-22,33.223,33.341,31.934,32.219,14598200,0.0,0.0
2019-01-23,32.406,32.573,30.891,31.146,14317900,0.0,0.0
2019-01-24,33.715,33.803,32.308,33.124,15531100,0.0,0.0
2019-01-25,33.4,34.935,33.223,34.423,15811300,0.0,0.0
2019-01-28,33.981,36.037,33.951,35.988,14843500,0.0,0.0
2019-01-29,36.175,36.49,35.496,35.713,8744300,0.0,0.0
2019-01-30,35.85,36.096,35.594,35.762,7435600,0.0,0.0
2019-01-31,35.732,35.968,34.984,35.201,7706600,0.0,0.0
2019-02-01,35.201,36.008,35.201,35.535,6611900,0.0,0.0
2019-02-04,35.585,36.224,35.545,36.195,9089300,0.0,0.0
2019-02-05,36.323,36.737,36.214,36.441,6003200,0.1,0.0
2019-02-06,36.313,36.599,36.126,36.274,5802800,0.0,0.0
2019-02-07,35.978,36.214,35.465,35.691,5857300,0.0,0.0
2019-02-08,35.326,35.751,34.922,35.524,4973300,0.0,0.0
2019-02-11,35.603,36.234,35.603,36.106,4932600,0.0,0.0
2019-02-12,36.274,36.678,35.198,35.277,6883200,0.0,0.0
2019-02-13,35.356,35.978,35.336,35.731,5837900,0.0,0.0
2019-02-14,35.435,36.047,35.198,35.632,4070000,0.0,0.0
2019-02-15,35.761,35.859,34.497,34.586,11471900,0.0,0.0
2019-02-19,34.567,35.425,34.537,35.001,6436100,0.0,0.0
2019-02-20,34.537,34.774,34.31,34.596,6969900,0.0,0.0
2019-02-21,34.517,35.04,34.369,34.517,5900700,0.0,0.0
2019-02-22,34.537,35.08,34.537,35.02,5393300,0.0,0.0
2019-02-25,35.277,35.899,35.198,35.425,10905900,0.0,0.0
2019-02-26,35.425,36.244,35.277,35.77,7565000,0.0,0.0
2019-02-27,35.632,35.849,34.803,35.218,5874900,0.0,0.0
2019-02-28,35.159,35.415,34.705,35.159,7873800,0.0,0.0
2019-03-01,35.109,35.484,33.915,34.182,8654000,0.0,0.0
2019-03-04,34.3,34.428,33.057,33.274,6998100,0.0,0.0
2019-03-05,33.58,33.925,32.731,32.79,7405700,0.0,0.0
2019-03-06,32.781,32.978,32.09,32.327,6420800,0.0,0.0
2019-03-07,32.267,32.267,31.202,31.794,7112400,0.0,0.0
2019-03-08,31.478,31.695,30.955,31.488,6200500,0.0,0.0
2019-03-11,31.221,31.843,31.152,31.626,8944000,0.0,0.0
2019-03-12,31.764,31.764,30.471,30.511,10887500,0.0,0.0
2019-03-13,30.807,31.508,30.59,31.419,11092900,0.0,0.0
2019-03-14,31.537,32.04,31.458,31.705,6454500,0.0,0.0
2019-03-15,31.853,31.922,31.004,31.014,9645100,0.0,0.0
2019-03-18,31.083,31.162,30.619,30.965,6832700,0.0,0.0
2019-03-19,31.083,31.695,30.965,31.172,6824500,0.0,0.0
2019-03-20,31.083,31.133,30.363,30.55,6250200,0.0,0.0
2019-03-21,30.481,31.35,30.383,31.034,5725100,0.0,0.0
2019-03-22,30.906,31.024,30.126,30.166,7488900,0.0,0.0
2019-03-25,30.126,30.314,29.761,29.81,5172000,0.0,0.0
2019-03-26,30.106,30.215,29.574,29.81,4583400,0.0,0.0
2019-03-27,29.87,30.787,29.751,30.531,6406900,0.0,0.0
2019-03-28,30.6,30.955,30.037,30.491,6687200,0.0,0.0
2019-03-29,30.728,31.468,30.432,31.34,6980800,0.0,0.0
2019-04-01,31.557,32.297,31.281,31.922,7438200,0.0,0.0
2019-04-02,32.603,33.027,32.031,32.554,10406100,0.0,0.0
2019-04-03,32.781,33.54,32.771,33.264,10014300,0.0,0.0
2019-04-04,33.511,33.669,32.909,33.481,6192300,0.0,0.0
2019-04-05,33.521,33.945,33.432,33.609,5164700,0.0,0.0
2019-04-08,33.195,33.501,32.998,33.432,6219800,0.0,0.0
2019-04-09,32.929,33.077,32.169,32.869,8119100,0.0,0.0
2019-04-10,33.313,33.678,32.652,33.57,7159500,0.0,0.0
2019-04-11,33.54,34.507,33.461,34.349,7352400,0.0,0.0
2019-04-12,34.527,34.774,34.044,34.231,4610500,0.0,0.0
2019-04-15,34.192,34.774,33.234,33.303,6390600,0.0,0.0
2019-04-16,33.511,33.639,33.146,33.58,4498400,0.0,0.0
2019-04-17,33.994,34.261,33.649,33.925,3772100,0.0,0.0
2019-04-18,33.974,34.162,33.452,33.915,3318200,0.0,0.0
2019-04-22,33.649,33.748,32.978,33.037,3884200,0.0,0.0
2019-04-23,32.988,33.728,32.978,33.521,3329800,0.0,0.0
2019-04-24,33.471,34.034,33.452,33.54,3739800,0.0,0.0
2019-04-25,33.6,33.797,32.692,32.968,6156500,0.0,0.0
2019-04-26,31.725,33.471,31.675,32.623,9623100,0.0,0.0
2019-04-29,33.067,33.54,32.869,33.323,5558200,0.0,0.0
2019-04-30,33.333,33.935,33.106,33.728,5719600,0.0,0.0
2019-05-01,33.846,34.132,33.432,33.461,4466600,0.0,0.0
2019-05-02,33.511,34.389,33.392,33.501,5320300,0.0,0.0
2019-05-03,33.757,34.438,33.698,34.33,5181400,0.0,0.0
2019-05-06,33.797,34.31,33.274,34.29,4156800,0.0,0.0
2019-05-07,33.894,33.974,33.063,33.558,6957800,0.1,0.0
2019-05-08,33.35,34.023,33.212,33.4,4374100,0.0,0.0
2019-05-09,33.043,33.667,32.717,33.598,4500100,0.0,0.0
2019-05-10,33.37,33.835,32.598,33.637,4949800,0.0,0.0
2019-05-13,32.816,32.855,31.648,31.806,7040900,0.0,0.0
2019-05-14,31.856,32.311,31.678,32.004,5503900,0.0,0.0
2019-05-15,31.697,32.083,31.222,31.826,4518600,0.0,0.0
2019-05-16,31.866,32.558,31.688,31.984,4739700,0.0,0.0
2019-05-17,31.697,32.024,31.361,31.41,4751600,0.0,0.0
2019-05-20,30.332,30.896,29.906,30.639,7576200,0.0,0.0
2019-05-21,30.886,31.312,30.807,30.975,4986900,0.0,0.0
2019-05-22,30.906,30.906,29.501,29.609,10258700,0.0,0.0
2019-05-23,29.421,29.669,29.006,29.194,11324600,0.0,0.0
2019-05-24,29.382,29.629,28.679,28.867,5764000,0.0,0.0
2019-05-28,28.956,29.016,28.204,28.432,8362800,0.0,0.0
2019-05-29,28.214,28.254,27.63,28.115,6248100,0.0,0.0
2019-05-30,28.204,28.452,27.699,27.878,4734100,0.0,0.0
2019-05-31,27.511,27.63,26.829,26.947,7441400,0.0,0.0
2019-06-03,26.838,27.521,26.739,26.918,6796300,0.0,0.0
2019-06-04,27.343,29.006,27.214,28.818,10218500,0.0,0.0
2019-06-05,29.451,30.134,29.154,30.045,8713700,0.0,0.0
2019-06-06,30.084,30.193,29.57,30.065,5507600,0.0,0.0
2019-06-07,30.272,30.827,30.114,30.599,4843600,0.0,0.0
2019-06-10,30.827,31.391,30.401,30.441,5449400,0.0,0.0
2019-06-11,30.777,30.965,30.193,30.263,3461800,0.0,0.0
2019-06-12,30.243,30.807,30.134,30.777,5185700,0.0,0.0
2019-06-13,31.361,32.974,31.084,32.746,10856500,0.0,0.0
2019-06-14,32.628,32.855,31.885,32.341,6128000,0.0,0.0
2019-06-17,31.767,32.578,31.767,32.222,3420700,0.0,0.0
2019-06-18,32.44,32.954,32.083,32.182,3789300,0.0,0.0
2019-06-19,32.38,32.954,32.172,32.865,5535500,0.0,0.0
2019-06-20,33.311,33.459,31.569,31.816,8969200,0.0,0.0
2019-06-21,31.697,32.054,31.183,31.242,7481800,0.0,0.0
2019-06-24,31.242,31.559,30.985,31.49,8425700,0.0,0.0
2019-06-25,31.5,31.777,30.916,30.935,6523600,0.0,0.0
2019-06-26,31.153,31.391,30.747,31.133,4089700,0.0,0.0
2019-06-27,31.232,32.212,31.094,31.816,4274500,0.0,0.0
2019-06-28,31.895,32.39,31.826,32.271,5238500,0.0,0.0
2019-07-01,32.796,33.311,32.192,32.539,8985600,0.0,0.0
2019-07-02,32.746,32.865,31.697,31.856,4765100,0.0,0.0
2019-07-03,32.064,32.509,32.014,32.38,2747700,0.0,0.0
2019-07-05,32.202,32.489,31.618,32.123,2583900,0.0,0.0
2019-07-08,31.658,32.578,31.648,32.45,5328800,0.0,0.0
2019-07-09,32.064,32.41,31.599,32.024,5450600,0.0,0.0
2019-07-10,32.588,33.34,32.252,32.598,8869700,0.0,0.0
2019-07-11,32.717,32.954,32.479,32.687,6842900,0.0,0.0
2019-07-12,32.776,33.548,32.657,33.429,5012200,0.0,0.0
2019-07-15,33.32,33.598,33.073,33.261,3483600,0.0,0.0
2019-07-16,33.35,34.31,33.35,33.865,6353600,0.0,0.0
2019-07-17,33.983,34.063,32.766,32.915,5881900,0.0,0.0
2019-07-18,33.063,33.469,32.766,33.39,3049300,0.0,0.0
2019-07-19,33.469,33.667,32.717,32.737,4249000,0.0,0.0
2019-07-22,32.875,33.073,32.509,32.558,4005600,0.0,0.0
2019-07-23,32.677,33.439,32.232,33.38,4524100,0.0,0.0
2019-07-24,33.271,34.627,33.271,34.231,7315300,0.0,0.0
2019-07-25,34.191,34.459,31.252,31.341,13152300,0.0,0.0
2019-07-26,31.668,31.915,30.837,30.916,7875200,0.0,0.0
2019-07-29,30.648,30.866,30.223,30.421,6963900,0.0,0.0
2019-07-30,30.134,30.49,29.896,30.391,5290200,0.0,0.0
2019-07-31,30.361,30.817,29.956,30.193,6269400,0.0,0.0
2019-08-01,30.114,30.253,29.124,29.53,8013000,0.0,0.0
2019-08-02,29.392,29.501,28.768,29.144,6475900,0.0,0.0
2019-08-05,28.669,28.669,27.709,28.234,8948900,0.0,0.0
2019-08-06,28.651,28.859,27.827,28.164,6010100,0.1,0.0
2019-08-07,27.807,28.562,27.628,28.432,6771500,0.0,0.0
2019-08-08,28.611,29.187,28.562,28.879,5028200,0.0,0.0
2019-08-09,28.651,28.869,28.363,28.581,4031300,0.0,0.0
2019-08-12,28.303,28.313,27.33,27.449,8015000,0.0,0.0
2019-08-13,27.429,28.174,27.141,27.32,12950000,0.0,0.0
2019-08-14,26.863,26.883,25.91,25.92,10104400,0.0,0.0
2019-08-15,26.019,26.128,24.967,25.235,10057900,0.0,0.0
2019-08-16,25.443,25.87,25.215,25.612,8826800,0.0,0.0
2019-08-19,26.019,26.506,25.9,25.92,9034800,0.0,0.0
2019-08-20,25.9,25.9,25.384,25.652,7658800,0.0,0.0
2019-08-21,25.88,26.416,25.831,26.238,6227500,0.0,0.0
2019-08-22,26.277,26.794,26.158,26.347,5957900,0.0,0.0
2019-08-23,26.089,26.327,25.175,25.245,8900100,0.0,0.0
2019-08-26,25.721,25.731,24.857,25.016,6722600,0.0,0.0
2019-08-27,25.096,25.165,24.152,24.281,7503700,0.0,0.0
2019-08-28,24.242,25.334,24.063,25.155,9079100,0.0,0.0
2019-08-29,25.612,26.426,25.523,26.138,7205600,0.0,0.0
2019-08-30,26.218,26.645,25.979,26.128,5076200,0.0,0.0
2019-09-03,25.979,26.476,25.771,26.327,6730000,0.0,0.0
2019-09-04,26.476,27.032,26.337,26.814,5653300,0.0,0.0
2019-09-05,27.261,27.916,27.251,27.499,6254600,0.0,0.0
2019-09-06,27.966,28.035,27.539,27.598,5791900,0.0,0.0
2019-09-09,27.598,28.552,27.519,28.244,8561600,0.0,0.0
2019-09-10,28.085,28.979,28.015,28.919,6377300,0.0,0.0
2019-09-11,28.959,29.723,28.532,29.555,10842600,0.0,0.0
2019-09-12,29.465,30.011,29.435,29.733,5808800,0.0,0.0
2019-09-13,29.992,30.131,29.664,29.743,7131900,0.0,0.0
2019-09-16,28.363,28.591,27.509,27.578,15507800,0.0,0.0
2019-09-17,27.827,29.048,27.727,28.442,12683400,0.0,0.0
2019-09-18,28.353,28.462,27.876,28.403,6129400,0.0,0.0
2019-09-19,28.432,28.542,27.966,28.105,5102700,0.0,0.0
2019-09-20,28.005,28.244,27.767,27.797,6885400,0.0,0.0
2019-09-23,27.519,27.688,27.171,27.31,5324400,0.0,0.0
2019-09-24,27.429,27.509,26.585,26.814,5558300,0.0,0.0
2019-09-25,26.943,27.638,26.834,27.251,6369400,0.0,0.0
2019-09-26,27.38,27.41,26.724,27.002,4831300,0.0,0.0
2019-09-27,26.824,27.618,26.724,26.824,5155100,0.0,0.0
2019-09-30,27.161,27.221,26.635,26.784,5109800,0.0,0.0
2019-10-01,26.893,27.469,26.407,26.615,6547000,0.0,0.0
2019-10-02,26.317,26.327,24.847,25.195,14178200,0.0,0.0
2019-10-03,25.294,25.334,24.341,25.096,8586400,0.0,0.0
2019-10-04,25.155,25.672,24.897,25.652,6446100,0.0,0.0
2019-10-07,25.622,25.88,25.344,25.652,5725400,0.0,0.0
2019-10-08,25.384,26.615,25.274,26.079,9028100,0.0,0.0
2019-10-09,26.595,27.141,26.506,26.883,8095500,0.0,0.0
2019-10-10,26.496,27.062,26.317,26.992,7057600,0.0,0.0
2019-10-11,27.439,27.827,27.151,27.171,7492400,0.0,0.0
2019-10-14,27.181,27.469,26.953,27.429,3167100,0.0,0.0
2019-10-15,27.439,28.174,27.092,28.075,7019200,0.0,0.0
2019-10-16,28.134,28.611,27.837,27.856,6353300,0.0,0.0
2019-10-17,28.115,28.244,27.658,27.737,6709600,0.0,0.0
2019-10-18,27.608,28.125,27.519,28.025,5689100,0.0,0.0
2019-10-21,28.313,28.71,28.234,28.422,6746400,0.0,0.0
2019-10-22,28.303,28.492,27.628,28.065,8022000,0.0,0.0
2019-10-23,28.055,28.204,27.688,28.095,8396900,0.0,0.0
2019-10-24,29.068,29.644,28.293,29.207,17890900,0.0,0.0
2019-10-25,29.197,30.677,29.098,30.647,13835700,0.0,0.0
2019-10-28,30.786,31.451,30.786,31.144,10298500,0.0,0.0
2019-10-29,31.203,31.273,30.468,30.707,6843200,0.0,0.0
2019-10-30,30.558,30.726,29.723,30.081,10356100,0.0,0.0
2019-10-31,29.862,30.002,29.257,29.853,8779600,0.0,0.0
2019-11-01,30.091,30.399,29.813,30.349,8270900,0.0,0.0
2019-11-04,30.498,30.776,30.26,30.736,5888600,0.0,0.0
2019-11-05,30.886,31.464,30.796,31.065,5500200,0.1,0.0
2019-11-06,31.055,31.075,30.537,30.846,4270300,0.0,0.0
2019-11-07,31.095,31.324,30.637,30.776,6342400,0.0,0.0
2019-11-08,30.607,30.736,29.85,30.647,6352900,0.0,0.0
2019-11-11,30.428,30.637,30.089,30.477,4109100,0.0,0.0
2019-11-12,30.467,30.557,29.292,29.411,8662900,0.0,0.0
2019-11-13,28.923,29.053,28.465,28.554,7152300,0.0,0.0
2019-11-14,28.644,28.794,28.355,28.664,4393200,0.0,0.0
2019-11-15,28.843,29.092,28.694,28.754,4552000,0.0,0.0
2019-11-18,28.535,28.784,28.176,28.495,5368800,0.0,0.0
2019-11-19,28.823,29.272,28.624,29.182,5965500,0.0,0.0
2019-11-20,29.033,29.132,27.947,28.126,9936100,0.0,0.0
2019-11-21,28.166,28.375,27.737,27.827,6071800,0.0,0.0
2019-11-22,28.096,28.614,28.026,28.574,4827100,0.0,0.0
2019-11-25,28.694,29.073,28.515,28.883,5171200,0.0,0.0
2019-11-26,28.843,28.963,28.465,28.943,5932800,0.0,0.0
2019-11-27,28.963,29.222,28.634,28.843,3381800,0.0,0.0
2019-11-29,28.814,29.162,28.554,28.634,2970800,0.0,0.0
2019-12-02,28.684,28.883,27.907,27.977,6850800,0.0,0.0
2019-12-03,27.628,27.668,26.861,27.19,7736600,0.0,0.0
2019-12-04,27.319,27.658,27.12,27.279,4805300,0.0,0.0
2019-12-05,27.359,27.468,26.95,27.14,4994500,0.0,0.0
2019-12-06,27.399,27.857,27.369,27.628,6093100,0.0,0.0
2019-12-09,27.518,27.728,27.359,27.389,4474400,0.0,0.0
2019-12-10,27.449,27.528,26.801,26.901,7538700,0.0,0.0
2019-12-11,26.98,27.0,26.582,26.761,5434600,0.0,0.0
2019-12-12,26.99,27.917,26.851,27.618,9645300,0.0,0.0
2019-12-13,27.827,28.026,27.269,27.379,5965200,0.0,0.0
2019-12-16,27.518,28.246,27.498,27.817,6997300,0.0,0.0
2019-12-17,27.867,28.375,27.757,28.176,5920300,0.0,0.0
2019-12-18,28.246,28.465,27.827,27.897,4633800,0.0,0.0
2019-12-19,27.897,28.465,27.827,28.445,6295100,0.0,0.0
2019-12-20,28.564,28.943,28.385,28.933,12277100,0.0,0.0
2019-12-23,29.142,29.611,29.092,29.192,9291100,0.0,0.0
2019-12-24,29.212,29.322,28.993,29.073,2373600,0.0,0.0
2019-12-26,29.212,29.601,29.152,29.561,4746500,0.0,0.0
2019-12-27,29.65,29.7,28.256,28.335,8416500,0.0,0.0
2019-12-30,28.395,28.425,27.967,28.196,4940300,0.0,0.0
2019-12-31,28.096,28.684,28.086,28.574,4396800,0.0,0.0
2020-01-02,28.873,29.192,28.545,28.983,6451100,0.0,0.0
2020-01-03,28.166,28.186,27.239,27.548,14008900,0.0,0.0
2020-01-06,27.09,27.389,26.98,27.219,6105800,0.0,0.0
2020-01-07,27.459,27.578,26.96,27.12,6105900,0.0,0.0
2020-01-08,27.0,27.987,26.97,27.737,10496800,0.0,0.0
2020-01-09,27.987,28.126,27.608,27.847,6898900,0.0,0.0
2020-01-10,27.857,27.887,27.15,27.219,8106800,0.0,0.0
2020-01-13,27.219,27.429,27.06,27.289,5874400,0.0,0.0
2020-01-14,27.807,28.295,27.249,27.429,8888900,0.0,0.0
2020-01-15,27.349,27.957,27.219,27.478,5689900,0.0,0.0
2020-01-16,27.688,28.156,27.658,28.126,6442800,0.0,0.0
2020-01-17,28.196,28.614,27.957,28.295,7379400,0.0,0.0
2020-01-21,27.867,27.887,26.95,27.1,16409400,0.0,0.0
2020-01-22,27.409,27.807,27.199,27.219,9852600,0.0,0.0
2020-01-23,27.289,28.883,25.944,28.694,25611100,0.0,0.0
2020-01-24,28.744,28.754,26.911,27.538,18067800,0.0,0.0
2020-01-27,26.472,26.502,25.277,26.014,21573800,0.0,0.0
2020-01-28,26.263,27.02,26.163,26.801,11939200,0.0,0.0
2020-01-29,26.781,27.389,26.642,26.701,9088700,0.0,0.0
2020-01-30,26.203,27.688,26.163,27.618,10685500,0.0,0.0
2020-01-31,27.399,27.419,26.492,26.741,11027900,0.0,0.0
2020-02-03,26.831,27.568,26.642,27.06,7630400,0.0,0.0
2020-02-04,27.68,28.61,27.55,28.43,10832900,0.1,0.0
2020-02-05,28.96,29.24,28.55,29.1,8959700,0.0,0.0
2020-02-06,29.26,29.45,28.14,28.3,8335800,0.0,0.0
2020-02-07,28.06,28.55,27.78,28.38,6231800,0.0,0.0
2020-02-10,28.19,28.81,27.98,28.79,15134300,0.0,0.0
2020-02-11,29.06,29.94,28.97,29.84,8977700,0.0,0.0
2020-02-12,30.0,30.78,29.99,30.47,9315400,0.0,0.0
2020-02-13,30.03,30.4,29.73,30.09,9119400,0.0,0.0
2020-02-14,30.01,30.27,29.14,29.2,5524800,0.0,0.0
2020-02-18,29.04,29.35,28.49,28.63,10485100,0.0,0.0
2020-02-19,28.84,28.88,28.31,28.33,8400700,0.0,0.0
2020-02-20,28.24,28.9,28.2,28.51,10093400,0.0,0.0
2020-02-21,28.12,28.3,27.17,27.82,11253600,0.0,0.0
2020-02-24,25.98,26.11,25.0,25.45,21713200,0.0,0.0
2020-02-25,25.62,25.75,23.05,23.12,22296900,0.0,0.0
2020-02-26,23.57,23.75,22.11,22.31,19610300,0.0,0.0
2020-02-27,20.85,22.48,19.77,20.6,31897300,0.0,0.0
2020-02-28,19.8,20.35,18.77,19.05,37093200,0.0,0.0
2020-03-02,19.05,19.06,17.51,18.86,38738000,0.0,0.0
2020-03-03,19.66,19.79,17.8,17.85,35402500,0.0,0.0
2020-03-04,18.36,18.55,17.3,18.53,44362100,0.0,0.0
2020-03-05,17.54,17.65,15.98,16.04,44656800,0.0,0.0
2020-03-06,15.02,17.12,14.8,15.97,54505000,0.0,0.0
2020-03-09,14.87,15.79,14.46,14.75,42558000,0.0,0.0
2020-03-10,15.82,17.67,14.61,17.0,56972700,0.0,0.0
2020-03-11,16.31,16.49,15.52,16.26,43705800,0.0,0.0
2020-03-12,14.05,15.75,13.33,13.45,53968500,0.0,0.0
2020-03-13,15.3,15.6,13.12,14.31,58376100,0.0,0.0
2020-03-16,12.41,16.2,12.0,15.92,84916800,0.0,0.0
2020-03-17,15.79,18.49,14.79,15.58,58055800,0.0,0.0
2020-03-18,14.24,14.28,10.17,11.65,78458800,0.0,0.0
2020-03-19,11.6,12.16,10.01,10.29,71584500,0.0,0.0
2020-03-20,10.65,12.0,10.3,10.38,62681800,0.0,0.0
2020-03-23,10.9,11.36,10.01,10.25,56427300,0.0,0.0
2020-03-24,11.96,14.81,11.54,13.92,101553100,0.0,0.0
2020-03-25,16.69,16.99,14.31,15.39,93795100,0.0,0.0
2020-03-26,16.06,17.24,15.16,15.66,77530600,0.0,0.0
2020-03-27,14.98,15.22,13.91,14.04,50783500,0.0,0.0
2020-03-30,13.2,13.22,11.81,12.25,50516800,0.0,0.0
2020-03-31,12.9,12.96,12.1,12.19,44851400,0.0,0.0
2020-04-01,11.45,11.48,10.5,10.69,56854400,0.0,0.0
2020-04-02,10.61,11.03,10.0,10.06,65534600,0.0,0.0
2020-04-03,10.34,10.49,9.09,9.39,87018900,0.0,0.0
2020-04-06,9.72,9.94,9.11,9.5,94272300,0.0,0.0
2020-04-07,11.07,12.2,10.05,10.22,138061000,0.0,0.0
2020-04-08,10.91,11.4,10.5,11.33,82718700,0.0,0.0
2020-04-09,12.64,13.4,11.82,12.51,117592800,0.0,0.0
2020-04-13,12.9,12.95,11.25,11.56,73385500,0.0,0.0
2020-04-14,12.22,12.6,11.75,11.95,68039500,0.0,0.0
2020-04-15,12.52,12.69,11.39,12.29,124719900,0.0,0.0
2020-04-16,11.91,12.03,11.05,11.07,83627000,0.0,0.0
2020-04-17,11.87,11.95,11.5,11.57,61279500,0.0,0.0
2020-04-20,11.15,11.35,10.72,11.06,58984900,0.0,0.0
2020-04-21,10.8,11.22,10.7,11.0,49882300,0.0,0.0
2020-04-22,11.09,11.13,10.02,10.27,76140100,0.0,0.0
2020-04-23,10.36,10.67,10.24,10.25,54598500,0.0,0.0
2020-04-24,10.4,10.5,9.9,10.31,67118200,0.0,0.0
2020-04-27,10.53,10.53,10.0,10.02,67378800,0.0,0.0
2020-04-28,10.29,11.63,10.21,11.26,114643000,0.0,0.0
2020-04-29,12.1,12.89,12.02,12.63,113669400,0.0,0.0
2020-04-30,11.92,12.59,11.26,12.01,94921400,0.0,0.0
2020-05-01,11.41,11.66,10.58,10.64,99441400,0.0,0.0
2020-05-04,9.41,10.17,9.15,9.82,125580000,0.0,0.0
2020-05-05,10.26,10.38,9.5,9.51,86943900,0.0,0.0
2020-05-06,9.58,9.73,9.09,9.25,68991000,0.0,0.0
2020-05-07,9.3,9.8,9.29,9.54,61817000,0.0,0.0
2020-05-08,9.78,10.15,9.68,10.14,59186200,0.0,0.0
2020-05-11,9.92,10.25,9.59,10.1,48705900,0.0,0.0
2020-05-12,10.01,10.2,9.6,9.65,46833100,0.0,0.0
2020-05-13,9.52,9.53,8.83,9.11,68704600,0.0,0.0
2020-05-14,8.77,9.19,8.25,9.15,72320500,0.0,0.0
2020-05-15,8.85,9.36,8.76,9.04,39560500,0.0,0.0
2020-05-18,9.62,9.94,9.36,9.87,76109300,0.0,0.0
2020-05-19,10.14,10.19,9.59,9.64,62242500,0.0,0.0
2020-05-20,9.91,10.14,9.77,9.87,44006700,0.0,0.0
2020-05-21,9.87,10.15,9.83,9.89,45785700,0.0,0.0
2020-05-22,10.02,10.12,9.63,9.7,37596800,0.0,0.0
2020-05-26,10.27,11.28,10.25,11.14,101717000,0.0,0.0
2020-05-27,12.43,12.55,11.07,11.98,99314800,0.0,0.0
2020-05-28,11.78,11.83,10.9,10.98,70488800,0.0,0.0
2020-05-29,10.48,10.87,10.32,10.5,58920300,0.0,0.0
2020-06-01,10.79,11.33,10.62,11.11,50313500,0.0,0.0
2020-06-02,11.4,11.64,10.97,11.22,49148600,0.0,0.0
2020-06-03,11.56,12.2,11.44,11.85,86685300,0.0,0.0
2020-06-04,12.85,18.18,12.63,16.72,399432600,0.0,0.0
2020-06-05,21.25,22.8,17.8,18.59,428617100,0.0,0.0
2020-06-08,19.86,20.36,19.13,20.31,175418900,0.0,0.0
2020-06-09,18.45,18.97,17.61,18.55,111234400,0.0,0.0
2020-06-10,17.69,18.16,15.92,17.02,163952500,0.0,0.0
2020-06-11,14.61,15.68,14.07,14.38,124220800,0.0,0.0
2020-06-12,16.82,17.31,15.67,16.74,161101800,0.0,0.0
2020-06-15,15.27,17.17,15.08,16.7,122904100,0.0,0.0
2020-06-16,18.36,18.44,16.55,17.03,127369700,0.0,0.0
2020-06-17,16.76,17.05,16.16,16.98,71706700,0.0,0.0
2020-06-18,16.37,17.07,16.28,16.49,64265300,0.0,0.0
2020-06-19,16.89,16.94,15.42,16.0,92320200,0.0,0.0
2020-06-22,14.9,15.52,14.72,14.92,118994500,0.0,0.0
2020-06-23,13.76,14.29,13.71,14.0,204022300,0.0,0.0
2020-06-24,13.59,13.9,12.83,13.04,140975500,0.0,0.0
2020-06-25,12.53,13.24,12.18,13.17,117383400,0.0,0.0
2020-06-26,13.2,13.29,12.13,12.38,108813000,0.0,0.0
2020-06-29,12.57,13.51,12.02,13.32,115051100,0.0,0.0
2020-06-30,13.1,13.48,12.88,13.07,69607700,0.0,0.0
2020-07-01,13.48,14.29,12.63,12.81,116661700,0.0,0.0
2020-07-02,13.35,13.42,12.42,12.5,86439500,0.0,0.0
2020-07-06,12.8,12.92,12.21,12.8,79312900,0.0,0.0
2020-07-07,12.51,12.54,11.91,11.91,77998100,0.0,0.0
2020-07-08,11.6,12.08,11.43,11.99,85034500,0.0,0.0
2020-07-09,11.94,11.94,11.15,11.18,77131200,0.0,0.0
2020-07-10,11.0,11.95,10.98,11.94,90450800,0.0,0.0
2020-07-13,12.13,12.27,11.45,11.63,67580300,0.0,0.0
2020-07-14,11.32,11.84,11.22,11.57,49888200,0.0,0.0
2020-07-15,12.45,13.48,12.21,13.44,135444400,0.0,0.0
2020-07-16,12.8,13.07,12.29,12.45,81514000,0.0,0.0
2020-07-17,12.48,12.6,11.89,11.91,67934100,0.0,0.0
2020-07-20,11.93,12.51,11.35,11.47,64109600,0.0,0.0
2020-07-21,11.57,11.79,11.28,11.47,64509800,0.0,0.0
2020-07-22,11.38,11.67,11.3,11.36,42461300,0.0,0.0
2020-07-23,11.27,12.41,11.01,11.77,115574800,0.0,0.0
2020-07-24,11.67,11.82,11.34,11.39,53761400,0.0,0.0
2020-07-27,11.48,11.79,11.18,11.39,69451700,0.0,0.0
2020-07-28,11.37,12.0,11.36,11.77,62356600,0.0,0.0
2020-07-29,11.8,11.92,11.3,11.4,52214600,0.0,0.0
2020-07-30,11.22,11.39,11.12,11.18,40525100,0.0,0.0
2020-07-31,11.16,11.25,10.8,11.12,51691400,0.0,0.0
2020-08-03,11.07,11.24,10.71,11.08,48264000,0.0,0.0
2020-08-04,11.21,11.88,11.16,11.47,54824400,0.0,0.0
2020-08-05,11.84,12.85,11.55,12.56,113130600,0.0,0.0
2020-08-06,13.04,13.29,12.47,13.04,131280100,0.0,0.0
2020-08-07,12.86,13.16,12.58,13.03,61700700,0.0,0.0
2020-08-10,13.29,14.31,13.21,14.0,121073900,0.0,0.0
2020-08-11,15.02,15.1,13.55,13.73,127879300,0.0,0.0
2020-08-12,14.03,14.06,13.1,13.54,77379800,0.0,0.0
2020-08-13,13.19,13.9,13.11,13.3,47772800,0.0,0.0
2020-08-14,13.11,13.56,13.01,13.33,45670200,0.0,0.0
2020-08-17,13.32,13.38,12.61,12.62,56206600,0.0,0.0
2020-08-18,12.6,12.88,12.51,12.6,33322300,0.0,0.0
2020-08-19,12.65,13.44,12.58,12.68,59266500,0.0,0.0
2020-08-20,12.38,12.67,12.26,12.5,41956600,0.0,0.0
2020-08-21,12.44,12.63,12.09,12.16,35822900,0.0,0.0
2020-08-24,12.44,13.48,12.27,13.44,102685700,0.0,0.0
2020-08-25,13.69,14.02,12.77,13.14,79053400,0.0,0.0
2020-08-26,13.11,13.15,12.7,12.79,44056800,0.0,0.0
2020-08-27,13.43,14.26,13.12,13.28,108835700,0.0,0.0
2020-08-28,13.59,13.63,13.23,13.59,54516400,0.0,0.0
2020-08-31,13.6,13.74,13.05,13.05,45917200,0.0,0.0
2020-09-01,12.86,13.84,12.66,13.1,72849700,0.0,0.0
2020-09-02,12.94,13.34,12.67,13.23,58889600,0.0,0.0
2020-09-03,13.4,14.07,13.03,13.36,86390800,0.0,0.0
2020-09-04,13.65,13.82,12.96,13.61,64937000,0.0,0.0
2020-09-08,13.36,14.16,13.15,13.63,72746000,0.0,0.0
2020-09-09,13.48,13.58,12.8,13.05,79030200,0.0,0.0
2020-09-10,13.21,13.49,12.97,13.01,52318600,0.0,0.0
2020-09-11,13.08,13.08,12.68,12.95,43916700,0.0,0.0
2020-09-14,13.02,13.29,12.9,13.26,39859100,0.0,0.0
2020-09-15,13.27,13.66,13.08,13.14,38958800,0.0,0.0
2020-09-16,13.21,13.96,12.98,13.8,75200100,0.0,0.0
2020-09-17,13.5,14.08,13.36,13.63,50194400,0.0,0.0
2020-09-18,13.51,13.59,13.03,13.19,56403600,0.0,0.0
2020-09-21,12.82,12.98,12.08,12.21,60604500,0.0,0.0
2020-09-22,12.3,12.5,12.18,12.34,33013400,0.0,0.0
2020-09-23,12.53,12.74,11.91,11.93,45292600,0.0,0.0
2020-09-24,11.74,12.0,11.22,11.77,49163200,0.0,0.0
2020-09-25,11.76,12.31,11.71,12.29,43764000,0.0,0.0
2020-09-28,12.74,13.15,12.49,12.76,63558200,0.0,0.0
2020-09-29,12.59,12.66,12.11,12.25,46994300,0.0,0.0
2020-09-30,12.32,12.92,12.22,12.29,65428100,0.0,0.0
2020-10-01,12.45,12.77,12.35,12.58,48842000,0.0,0.0
2020-10-02,12.05,13.35,12.0,13.0,111883300,0.0,0.0
2020-10-05,13.09,13.2,12.75,13.12,53465500,0.0,0.0
2020-10-06,13.28,13.44,12.46,12.53,85252400,0.0,0.0
2020-10-07,12.98,13.18,12.81,13.07,61274200,0.0,0.0
2020-10-08,13.33,13.68,12.73,13.16,88851700,0.0,0.0
2020-10-09,13.25,13.49,12.95,13.2,65281000,0.0,0.0
2020-10-12,13.14,13.17,12.9,12.92,39852500,0.0,0.0
2020-10-13,12.59,12.64,12.2,12.22,63372200,0.0,0.0
2020-10-14,12.35,12.57,12.29,12.36,37500000,0.0,0.0
2020-10-15,12.22,12.3,11.97,12.23,33776100,0.0,0.0
2020-10-16,12.31,12.56,12.2,12.46,32717300,0.0,0.0
2020-10-19,12.64,12.87,12.45,12.56,50560700,0.0,0.0
2020-10-20,12.75,13.0,12.59,12.8,46748800,0.0,0.0
2020-10-21,12.69,12.87,12.55,12.75,37503600,0.0,0.0
2020-10-22,12.6,13.29,12.42,13.15,90788900,0.0,0.0
2020-10-23,13.07,13.08,12.42,12.6,90787900,0.0,0.0
2020-10-26,12.39,12.45,11.67,11.8,85349600,0.0,0.0
2020-10-27,11.77,11.79,11.2,11.23,65803400,0.0,0.0
2020-10-28,10.89,11.16,10.63,10.95,64399800,0.0,0.0
2020-10-29,10.96,11.29,10.89,11.16,44070600,0.0,0.0
2020-10-30,11.06,11.42,10.98,11.28,51284700,0.0,0.0
2020-11-02,11.32,11.34,10.87,11.19,41094500,0.0,0.0
2020-11-03,11.34,11.45,11.15,11.25,43775200,0.0,0.0
2020-11-04,11.21,11.31,10.93,11.01,45281300,0.0,0.0
2020-11-05,11.12,11.67,11.09,11.6,54890800,0.0,0.0
2020-11-06,11.44,11.51,11.28,11.46,36703700,0.0,0.0
2020-11-09,14.33,14.41,12.75,13.2,231326200,0.0,0.0
2020-11-10,12.85,13.02,12.34,12.38,127529300,0.0,0.0
2020-11-11,12.4,12.46,11.93,12.04,81359600,0.0,0.0
2020-11-12,11.97,12.23,11.65,11.74,75511700,0.0,0.0
2020-11-13,11.91,12.25,11.85,12.24,56421500,0.0,0.0
2020-11-16,12.87,12.96,12.41,12.79,104867800,0.0,0.0
2020-11-17,12.48,12.81,12.23,12.7,61956500,0.0,0.0
2020-11-18,12.91,13.36,12.73,12.74,99888500,0.0,0.0
2020-11-19,12.73,13.04,12.63,12.79,58809400,0.0,0.0
2020-11-20,12.8,12.91,12.46,12.53,58685500,0.0,0.0
2020-11-23,12.75,13.58,12.69,13.56,100764000,0.0,0.0
2020-11-24,14.32,14.97,14.08,14.82,156501000,0.0,0.0
2020-11-25,14.77,15.08,14.37,14.94,101052500,0.0,0.0
2020-11-27,15.12,15.56,14.95,14.98,66066400,0.0,0.0
2020-11-30,14.92,14.96,13.93,14.13,97536300,0.0,0.0
2020-12-01,14.42,14.78,14.24,14.27,76061200,0.0,0.0
2020-12-02,14.16,14.86,13.85,14.86,76032800,0.0,0.0
2020-12-03,15.19,16.5,15.16,16.09,169287200,0.0,0.0
2020-12-04,16.4,16.93,16.12,16.4,117387600,0.0,0.0
2020-12-07,16.54,18.07,16.47,17.21,157231900,0.0,0.0
2020-12-08,17.47,17.92,17.16,17.63,95855400,0.0,0.0
2020-12-09,18.37,18.63,16.63,17.16,138508300,0.0,0.0
2020-12-10,16.75,18.04,16.67,17.99,86395200,0.0,0.0
2020-12-11,17.82,17.91,16.81,17.05,106957300,0.0,0.0
2020-12-14,17.52,17.81,16.68,16.7,88139900,0.0,0.0
2020-12-15,16.99,17.06,16.16,17.01,88795200,0.0,0.0
2020-12-16,16.88,17.04,16.58,16.86,59232600,0.0,0.0
2020-12-17,16.95,16.99,16.65,16.8,49386300,0.0,0.0
2020-12-18,16.74,16.74,16.29,16.51,74782800,0.0,0.0
2020-12-21,15.77,16.24,15.56,16.1,87243800,0.0,0.0
2020-12-22,16.34,16.38,15.45,15.48,74627300,0.0,0.0
2020-12-23,15.51,16.17,15.5,15.89,62603800,0.0,0.0
2020-12-24,16.04,16.04,15.53,15.66,31048900,0.0,0.0
2020-12-28,15.97,16.46,15.91,16.06,61099000,0.0,0.0
2020-12-29,16.32,16.41,15.75,15.86,51559500,0.0,0.0
2020-12-30,15.85,16.2,15.72,16.15,49520200,0.0,0.0
2020-12-31,16.08,16.09,15.63,15.77,57891100,0.0,0.0
2021-01-04,15.85,15.88,15.03,15.13,69732500,0.0,0.0
2021-01-05,14.92,15.63,14.87,15.43,53368200,0.0,0.0
2021-01-06,15.45,15.8,15.17,15.52,63708000,0.0,0.0
2021-01-07,15.67,15.87,15.38,15.38,48187900,0.0,0.0
2021-01-08,15.43,15.53,15.0,15.13,55656400,0.0,0.0
2021-01-11,14.82,15.04,14.71,15.0,40545300,0.0,0.0
2021-01-12,15.08,15.43,14.88,15.38,45742400,0.0,0.0
2021-01-13,15.29,15.63,15.11,15.53,42629300,0.0,0.0
2021-01-14,15.83,16.6,15.82,16.44,79900900,0.0,0.0
2021-01-15,16.17,16.28,15.74,15.76,55175800,0.0,0.0
2021-01-19,15.99,16.27,15.89,15.97,39740200,0.0,0.0
2021-01-20,16.17,16.39,15.84,16.17,42354500,0.0,0.0
2021-01-21,15.99,16.22,15.56,15.83,50639200,0.0,0.0
2021-01-22,15.57,15.84,15.46,15.82,39126600,0.0,0.0
2021-01-25,15.52,15.56,15.02,15.43,61954500,0.0,0.0
2021-01-26,15.52,15.77,15.33,15.53,44571100,0.0,0.0
2021-01-27,15.42,17.81,15.38,16.56,178529000,0.0,0.0
2021-01-28,20.33,21.77,16.82,18.1,319607600,0.0,0.0
2021-01-29,18.69,18.73,16.75,17.17,113054800,0.0,0.0
2021-02-01,17.25,17.33,16.33,16.84,49436000,0.0,0.0
2021-02-02,17.03,17.26,16.55,16.59,39287800,0.0,0.0
2021-02-03,16.61,17.72,16.49,17.6,61414800,0.0,0.0
2021-02-04,17.48,17.59,17.31,17.4,37606800,0.0,0.0
2021-02-05,17.6,17.67,17.07,17.19,30910200,0.0,0.0
2021-02-08,17.32,18.09,17.24,17.77,44177500,0.0,0.0
2021-02-09,17.74,17.76,17.34,17.44,29972900,0.0,0.0
2021-02-10,17.55,17.68,17.27,17.41,28503000,0.0,0.0
2021-02-11,17.3,17.4,16.79,16.99,38746400,0.0,0.0
2021-02-12,17.01,17.49,16.92,17.27,27522500,0.0,0.0
2021-02-16,17.63,17.9,17.51,17.82,33615500,0.0,0.0
2021-02-17,17.69,18.34,17.48,17.99,35475700,0.0,0.0
2021-02-18,17.83,17.98,17.45,17.71,26328200,0.0,0.0
2021-02-19,17.9,18.83,17.78,18.68,48663800,0.0,0.0
2021-02-22,19.84,21.11,19.31,20.44,99937700,0.0,0.0
2021-02-23,20.68,21.05,18.74,20.66,78817600,0.0,0.0
2021-02-24,20.87,22.12,20.75,21.82,74610200,0.0,0.0
2021-02-25,22.13,22.44,20.38,20.86,65571000,0.0,0.0
2021-02-26,20.61,21.43,20.34,20.94,42397300,0.0,0.0
2021-03-01,21.75,22.29,21.05,21.18,45406100,0.0,0.0
2021-03-02,21.28,21.63,21.12,21.44,27558200,0.0,0.0
2021-03-03,21.87,22.59,21.73,22.17,49301300,0.0,0.0
2021-03-04,22.28,22.42,20.41,21.24,61124200,0.0,0.0
2021-03-05,21.4,21.5,18.94,20.45,63183900,0.0,0.0
2021-03-08,20.78,21.71,20.65,21.47,39776900,0.0,0.0
2021-03-09,21.59,21.81,20.66,21.6,39820400,0.0,0.0
2021-03-10,21.67,22.48,21.37,21.75,44224900,0.0,0.0
2021-03-11,22.0,22.5,21.77,22.15,39002400,0.0,0.0
2021-03-12,22.18,23.54,22.13,23.37,55260300,0.0,0.0
2021-03-15,24.55,25.94,24.21,25.17,93746800,0.0,0.0
2021-03-16,25.11,25.25,24.31,24.47,47923600,0.0,0.0
2021-03-17,24.12,25.22,23.9,25.16,38540100,0.0,0.0
2021-03-18,25.12,26.09,24.55,24.7,53228500,0.0,0.0
2021-03-19,24.68,25.11,23.88,24.97,49461200,0.0,0.0
2021-03-22,24.62,24.7,23.76,23.83,42676000,0.0,0.0
2021-03-23,23.35,23.66,22.08,22.27,55290700,0.0,0.0
2021-03-24,22.79,23.18,21.76,21.81,44703900,0.0,0.0
2021-03-25,21.25,22.92,21.02,22.77,49746900,0.0,0.0
2021-03-26,23.14,23.29,22.28,22.93,36972400,0.0,0.0
2021-03-29,23.16,23.19,22.4,22.91,30700100,0.0,0.0
2021-03-30,23.1,24.2,23.02,24.12,39747900,0.0,0.0
2021-03-31,24.03,24.12,23.61,23.9,29800300,0.0,0.0
2021-04-01,24.02,24.23,23.65,23.86,25956200,0.0,0.0
2021-04-05,24.46,24.85,24.16,24.23,33657000,0.0,0.0
2021-04-06,24.2,24.5,23.91,24.06,31099400,0.0,0.0
2021-04-07,24.19,24.59,23.82,23.93,27792500,0.0,0.0
2021-04-08,23.88,23.88,22.63,23.65,28606600,0.0,0.0
2021-04-09,23.45,23.67,23.25,23.54,21307700,0.0,0.0
2021-04-12,23.23,23.32,22.72,22.91,27165700,0.0,0.0
2021-04-13,22.18,22.65,21.66,22.56,44741600,0.0,0.0
2021-04-14,22.95,23.35,22.2,22.37,33969600,0.0,0.0
2021-04-15,22.65,22.67,21.7,22.13,34424100,0.0,0.0
2021-04-16,22.06,22.36,21.87,22.03,25958000,0.0,0.0
2021-04-19,21.97,21.99,21.37,21.55,27424900,0.0,0.0
2021-04-20,21.02,21.02,19.96,20.37,48820800,0.0,0.0
2021-04-21,20.01,21.03,19.64,21.01,49376400,0.0,0.0
2021-04-22,21.58,21.61,20.04,20.07,72635100,0.0,0.0
2021-04-23,20.27,21.2,20.18,21.11,47995300,0.0,0.0
2021-04-26,21.52,22.05,21.48,22.04,44349200,0.0,0.0
2021-04-27,22.01,22.07,21.6,21.76,26767100,0.0,0.0
2021-04-28,21.64,21.89,21.48,21.7,22572100,0.0,0.0
2021-04-29,21.94,22.15,21.21,21.3,34430900,0.0,0.0
2021-04-30,21.17,21.88,21.08,21.72,31608800,0.0,0.0
2021-05-03,21.87,22.01,21.4,21.95,27606100,0.0,0.0
2021-05-04,21.78,21.99,20.94,21.42,36050800,0.0,0.0
2021-05-05,21.35,21.87,21.19,21.57,27984800,0.0,0.0
2021-05-06,21.51,21.75,21.16,21.49,25632600,0.0,0.0
2021-05-07,21.4,22.19,21.27,22.0,32022900,0.0,0.0
2021-05-10,22.23,22.54,21.96,22.0,32570000,0.0,0.0
2021-05-11,21.07,21.7,20.91,21.57,37417800,0.0,0.0
2021-05-12,21.36,21.69,20.69,20.76,34605300,0.0,0.0
2021-05-13,20.88,21.42,20.62,21.21,35238700,0.0,0.0
2021-05-14,21.43,22.48,21.43,22.4,39182500,0.0,0.0
2021-05-17,22.32,23.4,22.1,23.35,40716100,0.0,0.0
2021-05-18,23.54,23.94,23.08,23.56,38662400,0.0,0.0
2021-05-19,22.97,23.27,22.62,22.97,34558200,0.0,0.0
2021-05-20,23.18,23.18,22.29,22.6,33606500,0.0,0.0
2021-05-21,22.71,23.04,22.51,22.57,26246500,0.0,0.0
2021-05-24,22.85,23.05,22.35,22.99,26159300,0.0,0.0
2021-05-25,23.45,24.17,23.11,23.21,50630500,0.0,0.0
2021-05-26,23.53,23.95,23.2,23.9,29812700,0.0,0.0
2021-05-27,24.03,24.49,23.68,24.43,36389500,0.0,0.0
2021-05-28,24.39,24.82,24.13,24.24,30594400,0.0,0.0
2021-06-01,24.68,25.09,24.51,24.67,36502400,0.0,0.0
2021-06-02,24.76,26.04,24.65,25.82,57686200,0.0,0.0
2021-06-03,25.42,25.58,24.9,24.93,38254900,0.0,0.0
2021-06-04,25.13,25.18,24.26,24.3,28977300,0.0,0.0
2021-06-07,24.49,24.77,24.18,24.25,21173200,0.0,0.0
2021-06-08,24.42,24.49,23.86,24.22,26105600,0.0,0.0
2021-06-09,24.37,24.41,23.84,23.85,20289000,0.0,0.0
2021-06-10,24.14,24.24,23.26,23.46,28988300,0.0,0.0
2021-06-11,23.43,23.74,23.4,23.53,24368000,0.0,0.0
2021-06-14,23.49,23.74,22.93,22.99,22613100,0.0,0.0
2021-06-15,22.97,23.13,22.55,22.79,19062200,0.0,0.0
2021-06-16,22.74,23.0,22.52,22.83,20296900,0.0,0.0
2021-06-17,22.83,23.13,21.83,22.23,32879100,0.0,0.0
2021-06-18,22.07,22.53,21.91,22.29,28009900,0.0,0.0
2021-06-21,22.32,22.55,21.91,22.45,26666200,0.0,0.0
2021-06-22,22.35,22.38,21.85,22.11,22745000,0.0,0.0
2021-06-23,22.17,22.34,22.08,22.2,17394700,0.0,0.0
2021-06-24,22.21,22.5,21.95,22.35,22667500,0.0,0.0
2021-06-25,22.33,22.48,22.07,22.22,18738600,0.0,0.0
2021-06-28,22.09,22.09,21.14,21.39,48437800,0.0,0.0
2021-06-29,21.32,21.4,21.02,21.08,29157400,0.0,0.0
2021-06-30,21.09,21.48,20.94,21.21,26231800,0.0,0.0
2021-07-01,21.47,21.79,21.33,21.51,22082700,0.0,0.0
2021-07-02,21.62,21.65,21.11,21.48,20814100,0.0,0.0
2021-07-06,21.5,21.79,20.86,21.01,24176500,0.0,0.0
2021-07-07,20.79,21.05,20.17,20.31,30857000,0.0,0.0
2021-07-08,19.88,20.64,19.66,20.35,28539300,0.0,0.0
2021-07-09,20.79,21.0,20.5,20.89,21730900,0.0,0.0
2021-07-12,20.72,20.98,20.35,20.84,20782200,0.0,0.0
2021-07-13,20.69,20.7,19.99,20.02,30951500,0.0,0.0
2021-07-14,20.87,21.57,20.43,20.62,55139500,0.0,0.0
2021-07-15,20.56,21.06,20.15,20.46,34187500,0.0,0.0
2021-07-16,20.68,20.73,19.72,19.79,34523500,0.0,0.0
2021-07-19,18.83,19.21,18.28,18.97,63985800,0.0,0.0
2021-07-20,19.05,20.59,18.86,20.56,46295400,0.0,0.0
2021-07-21,20.79,21.55,20.75,21.4,52282600,0.0,0.0
2021-07-22,21.06,21.62,20.59,21.16,39028300,0.0,0.0
2021-07-23,21.35,21.69,21.02,21.2,29379200,0.0,0.0
2021-07-26,21.03,22.11,20.94,22.08,31508800,0.0,0.0
2021-07-27,21.96,22.16,21.11,21.46,30301300,0.0,0.0
2021-07-28,21.61,21.79,21.23,21.63,20077400,0.0,0.0
2021-07-29,21.78,21.78,21.17,21.17,19391300,0.0,0.0
2021-07-30,20.84,21.15,20.24,20.38,31284000,0.0,0.0
2021-08-02,20.49,20.85,19.99,20.06,27151300,0.0,0.0
2021-08-03,20.08,20.08,19.31,19.95,36572600,0.0,0.0
2021-08-04,19.52,19.95,19.35,19.45,30815400,0.0,0.0
2021-08-05,19.47,20.97,19.45,20.91,42900900,0.0,0.0
2021-08-06,21.13,21.22,20.52,21.02,28281000,0.0,0.0
2021-08-09,20.77,20.79,20.06,20.56,32047600,0.0,0.0
2021-08-10,20.5,21.4,20.38,20.94,31320900,0.0,0.0
2021-08-11,20.63,21.49,20.48,21.23,39902300,0.0,0.0
2021-08-12,21.03,21.11,20.31,20.43,30369400,0.0,0.0
2021-08-13,20.37,20.55,19.75,19.84,30877500,0.0,0.0
2021-08-16,19.63,20.02,19.34,19.76,25610400,0.0,0.0
2021-08-17,19.36,19.61,19.09,19.34,23686100,0.0,0.0
2021-08-18,19.34,19.66,19.04,19.14,24479500,0.0,0.0
2021-08-19,19.0,19.2,18.38,18.73,37097100,0.0,0.0
2021-08-20,18.64,18.86,18.29,18.5,28979400,0.0,0.0
2021-08-23,18.88,19.32,18.81,19.11,23637500,0.0,0.0
2021-08-24,19.4,20.02,19.39,19.83,31550400,0.0,0.0
2021-08-25,19.77,20.24,19.42,20.15,26913300,0.0,0.0
2021-08-26,20.0,20.44,19.58,19.9,22809500,0.0,0.0
2021-08-27,19.99,20.43,19.88,20.22,21615100,0.0,0.0
2021-08-30,20.29,20.3,19.47,19.51,24094300,0.0,0.0
2021-08-31,19.47,20.02,19.36,19.94,24993200,0.0,0.0
2021-09-01,20.01,20.1,19.53,19.64,20843200,0.0,0.0
2021-09-02,19.73,19.98,19.48,19.76,20179400,0.0,0.0
2021-09-03,19.68,19.93,19.32,19.37,20311900,0.0,0.0
2021-09-07,19.36,19.65,19.21,19.53,18291000,0.0,0.0
2021-09-08,19.53,19.8,19.05,19.13,21836100,0.0,0.0
2021-09-09,19.1,20.61,19.01,20.2,60077200,0.0,0.0
2021-09-10,20.28,20.29,18.93,18.95,54951400,0.0,0.0
2021-09-13,19.16,19.52,18.64,19.31,42886000,0.0,0.0
2021-09-14,19.35,19.52,19.04,19.21,23820100,0.0,0.0
2021-09-15,19.19,19.41,18.86,19.38,22989100,0.0,0.0
2021-09-16,19.35,20.22,19.32,19.89,33586200,0.0,0.0
2021-09-17,19.94,20.32,19.54,19.73,32602600,0.0,0.0
2021-09-20,19.72,20.37,19.34,20.33,43601300,0.0,0.0
2021-09-21,20.42,20.75,19.67,19.76,34050100,0.0,0.0
2021-09-22,19.93,20.75,19.93,20.52,39344300,0.0,0.0
2021-09-23,20.76,21.3,20.65,20.9,51636300,0.0,0.0
2021-09-24,20.89,21.62,20.81,21.39,39971700,0.0,0.0
2021-09-27,21.77,22.19,21.46,21.47,33190500,0.0,0.0
2021-09-28,21.35,21.81,21.29,21.43,26170200,0.0,0.0
2021-09-29,21.51,21.58,21.0,21.01,20467900,0.0,0.0
2021-09-30,20.87,20.87,20.37,20.52,24079400,0.0,0.0
2021-10-01,21.0,21.78,20.9,21.65,36430900,0.0,0.0
2021-10-04,21.92,22.08,21.29,21.39,28623400,0.0,0.0
2021-10-05,21.5,21.85,21.25,21.47,22580100,0.0,0.0
2021-10-06,20.7,21.01,20.31,20.54,37908500,0.0,0.0
2021-10-07,20.84,20.9,20.08,20.17,29167200,0.0,0.0
2021-10-08,20.24,20.29,19.88,20.07,21691000,0.0,0.0
2021-10-11,19.98,20.51,19.85,20.13,23646800,0.0,0.0
2021-10-12,20.2,20.4,20.03,20.29,18448400,0.0,0.0
2021-10-13,20.25,20.25,19.53,19.61,33328000,0.0,0.0
2021-10-14,19.77,19.94,19.59,19.64,21544600,0.0,0.0
2021-10-15,20.02,20.33,19.92,19.98,27259900,0.0,0.0
2021-10-18,19.92,20.15,19.74,19.84,20604400,0.0,0.0
2021-10-19,19.93,19.94,19.5,19.53,25758300,0.0,0.0
2021-10-20,19.59,19.84,19.22,19.52,31618100,0.0,0.0
2021-10-21,19.62,20.01,19.5,19.89,29224700,0.0,0.0
2021-10-22,19.72,19.76,19.03,19.15,36948200,0.0,0.0
2021-10-25,19.16,19.3,18.9,19.23,27977600,0.0,0.0
2021-10-26,19.34,19.82,19.24,19.39,31007900,0.0,0.0
2021-10-27,19.45,19.57,18.97,19.03,22215000,0.0,0.0
2021-10-28,19.11,19.24,18.85,19.19,26506900,0.0,0.0
2021-10-29,19.18,19.45,19.01,19.2,21679000,0.0,0.0
2021-11-01,19.09,19.78,18.87,19.77,32308500,0.0,0.0
2021-11-02,19.67,19.89,19.57,19.83,19979100,0.0,0.0
2021-11-03,19.82,20.67,19.73,20.63,35014100,0.0,0.0
2021-11-04,20.73,20.84,20.35,20.63,23940500,0.0,0.0
2021-11-05,21.91,22.06,21.26,21.82,58082500,0.0,0.0
2021-11-08,22.19,22.35,21.84,22.25,35774400,0.0,0.0
2021-11-09,22.12,22.33,21.7,22.26,22013200,0.0,0.0
2021-11-10,21.83,22.03,21.45,21.57,22330900,0.0,0.0
2021-11-11,21.6,21.79,21.3,21.33,18499300,0.0,0.0
2021-11-12,21.34,21.36,20.06,20.29,48375400,0.0,0.0
2021-11-15,20.4,20.57,20.2,20.32,20874000,0.0,0.0
2021-11-16,20.23,20.25,19.54,19.84,36075200,0.0,0.0
2021-11-17,19.71,20.06,19.58,19.86,17862800,0.0,0.0
2021-11-18,19.87,19.93,19.14,19.39,31051900,0.0,0.0
2021-11-19,19.14,19.44,18.94,19.28,31259800,0.0,0.0
2021-11-22,19.56,19.76,19.05,19.63,33220600,0.0,0.0
2021-11-23,19.75,20.14,19.32,19.47,30427300,0.0,0.0
2021-11-24,19.33,19.55,19.07,19.46,21323300,0.0,0.0
2021-11-26,18.27,18.27,16.9,17.75,84177500,0.0,0.0
2021-11-29,18.15,18.26,17.42,17.74,42940300,0.0,0.0
2021-11-30,17.44,17.74,16.92,17.69,49870100,0.0,0.0
2021-12-01,17.94,18.24,16.26,16.28,82030100,0.0,0.0
2021-12-02,16.49,17.44,16.15,17.42,58808900,0.0,0.0
2021-12-03,17.27,17.29,16.34,16.62,57884000,0.0,0.0
2021-12-06,16.95,18.54,16.91,17.93,74005500,0.0,0.0
2021-12-07,18.32,18.71,17.72,17.89,50249900,0.0,0.0
2021-12-08,17.96,18.87,17.88,18.23,46340600,0.0,0.0
2021-12-09,18.04,18.29,17.85,18.14,36027700,0.0,0.0
2021-12-10,18.07,18.13,17.63,18.01,28696100,0.0,0.0
2021-12-13,17.55,17.65,16.85,17.12,40783900,0.0,0.0
2021-12-14,16.82,17.47,16.81,16.91,30171300,0.0,0.0
2021-12-15,16.95,17.09,16.27,16.99,39939400,0.0,0.0
2021-12-16,17.25,17.39,16.43,16.52,31751200,0.0,0.0
2021-12-17,16.66,17.3,16.4,16.95,41330600,0.0,0.0
2021-12-20,16.5,17.78,16.45,17.3,44479100,0.0,0.0
2021-12-21,17.45,18.46,17.4,18.12,47592000,0.0,0.0
2021-12-22,18.18,18.5,17.91,18.26,29523000,0.0,0.0
2021-12-23,18.59,18.72,18.15,18.26,32321000,0.0,0.0
2021-12-27,17.66,18.24,17.55,18.17,28059300,0.0,0.0
2021-12-28,18.03,18.64,17.92,18.54,28263600,0.0,0.0
2021-12-29,18.4,18.43,17.99,18.05,22627000,0.0,0.0
2021-12-30,17.98,18.38,17.96,18.07,28158200,0.0,0.0
2021-12-31,18.07,18.36,17.93,17.96,20657000,0.0,0.0
2022-01-03,18.23,19.18,18.2,18.75,42781000,0.0,0.0
2022-01-04,19.22,19.46,18.85,19.02,29266600,0.0,0.0
2022-01-05,19.13,19.39,18.51,18.68,34447900,0.0,0.0
2022-01-06,18.89,19.06,18.35,18.57,19097700,0.0,0.0
2022-01-07,18.75,19.59,18.58,19.28,42399500,0.0,0.0
2022-01-10,19.24,19.39,18.68,18.79,25707700,0.0,0.0
2022-01-11,18.88,19.2,18.71,19.02,22531500,0.0,0.0
2022-01-12,19.16,19.26,18.35,18.5,41140900,0.0,0.0
2022-01-13,18.73,19.76,18.63,19.34,55911800,0.0,0.0
2022-01-14,19.11,19.16,18.4,18.49,44983100,0.0,0.0
2022-01-18,18.23,18.61,17.77,17.9,39736900,0.0,0.0
2022-01-19,17.9,17.91,17.29,17.31,36133100,0.0,0.0
2022-01-20,17.63,17.73,16.68,16.76,54892800,0.0,0.0
2022-01-21,16.77,16.78,16.09,16.3,52547500,0.0,0.0
2022-01-24,15.85,16.44,15.38,16.41,59941000,0.0,0.0
2022-01-25,16.05,16.54,15.89,16.46,42471600,0.0,0.0
2022-01-26,16.7,16.97,16.14,16.24,39331800,0.0,0.0
2022-01-27,16.43,16.84,15.62,15.78,43507400,0.0,0.0
2022-01-28,15.67,15.78,14.91,15.64,51662600,0.0,0.0
2022-01-31,15.55,16.47,15.4,16.47,35533500,0.0,0.0
2022-02-01,16.56,16.97,16.41,16.83,30798800,0.0,0.0
2022-02-02,16.88,17.15,16.49,16.96,37904200,0.0,0.0
2022-02-03,16.65,17.18,16.55,16.57,30642800,0.0,0.0
2022-02-04,16.54,16.57,16.04,16.45,38585200,0.0,0.0
2022-02-07,16.69,17.51,16.64,17.28,52927500,0.0,0.0
2022-02-08,17.4,18.28,17.21,18.26,46702500,0.0,0.0
2022-02-09,18.45,18.97,18.35,18.76,42407300,0.0,0.0
2022-02-10,18.42,19.08,18.35,18.71,36411800,0.0,0.0
2022-02-11,18.59,18.98,17.44,17.61,50338900,0.0,0.0
2022-02-14,17.85,18.31,17.35,17.43,37446600,0.0,0.0
2022-02-15,18.32,18.91,18.12,18.84,46447100,0.0,0.0
2022-02-16,18.57,19.11,18.5,18.82,30557500,0.0,0.0
2022-02-17,18.54,18.67,18.03,18.22,29950300,0.0,0.0
2022-02-18,18.22,18.41,17.75,17.87,30507500,0.0,0.0
2022-02-22,17.44,17.95,17.29,17.43,32432700,0.0,0.0
2022-02-23,17.62,17.76,16.61,16.64,35359100,0.0,0.0
2022-02-24,15.66,17.0,15.48,16.96,56881500,0.0,0.0
2022-02-25,17.16,17.73,16.99,17.46,43874100,0.0,0.0
2022-02-28,17.04,17.43,16.55,17.25,51465700,0.0,0.0
2022-03-01,16.97,17.07,16.08,16.29,50513700,0.0,0.0
2022-03-02,16.5,16.92,16.29,16.37,43654300,0.0,0.0
2022-03-03,16.63,16.75,15.61,15.71,47575100,0.0,0.0
2022-03-04,15.27,15.48,14.42,14.59,76212200,0.0,0.0
2022-03-07,14.32,14.62,12.77,12.84,89360300,0.0,0.0
2022-03-08,13.04,14.27,12.44,13.51,88067100,0.0,0.0
2022-03-09,14.44,14.75,14.05,14.3,88884200,0.0,0.0
2022-03-10,13.82,14.44,13.46,14.2,56571700,0.0,0.0
2022-03-11,14.4,14.56,13.9,14.02,48409500,0.0,0.0
2022-03-14,14.04,14.83,13.7,14.25,53284300,0.0,0.0
2022-03-15,14.91,15.8,14.9,15.57,76398400,0.0,0.0
2022-03-16,15.85,16.49,15.53,16.47,66907400,0.0,0.0
2022-03-17,16.06,16.57,15.89,16.55,41996300,0.0,0.0
2022-03-18,16.35,16.84,16.16,16.75,39040200,0.0,0.0
2022-03-21,16.5,16.54,15.9,16.09,45852600,0.0,0.0
2022-03-22,16.2,16.76,16.09,16.56,40143400,0.0,0.0
2022-03-23,16.31,16.46,16.17,16.21,31336000,0.0,0.0
2022-03-24,16.31,16.76,16.1,16.72,33894000,0.0,0.0
2022-03-25,16.75,17.44,16.74,17.01,39510300,0.0,0.0
2022-03-28,17.27,17.38,16.82,17.3,29985300,0.0,0.0
2022-03-29,17.89,18.43,17.86,18.16,58105500,0.0,0.0
2022-03-30,17.92,18.25,17.77,18.05,28866400,0.0,0.0
2022-03-31,18.16,18.45,17.98,18.25,33338200,0.0,0.0
2022-04-01,18.3,18.4,18.07,18.24,25182700,0.0,0.0
2022-04-04,18.16,18.37,17.72,18.23,23037400,0.0,0.0
2022-04-05,18.35,18.57,17.58,17.84,35187300,0.0,0.0
2022-04-06,17.26,17.67,16.83,17.38,40217800,0.0,0.0
2022-04-07,17.14,17.25,16.37,16.95,42285200,0.0,0.0
2022-04-08,16.87,17.02,16.57,16.59,22627700,0.0,0.0
2022-04-11,16.5,17.23,16.41,16.97,24886200,0.0,0.0
2022-04-12,17.13,17.16,16.69,17.13,31461600,0.0,0.0
2022-04-13,17.88,18.99,17.86,18.95,90231900,0.0,0.0
2022-04-14,18.99,19.49,18.88,19.0,43180700,0.0,0.0
2022-04-18,18.86,19.09,18.47,18.54,27478900,0.0,0.0
2022-04-19,18.86,19.8,18.86,19.59,41228000,0.0,0.0
2022-04-20,19.66,20.07,19.47,19.48,43515000,0.0,0.0
2022-04-21,21.26,21.42,20.11,20.22,84042900,0.0,0.0
2022-04-22,20.6,21.15,20.07,20.18,42141900,0.0,0.0
2022-04-25,19.98,20.15,19.48,19.98,37047800,0.0,0.0
2022-04-26,19.84,19.98,18.76,18.77,33555800,0.0,0.0
2022-04-27,18.68,19.18,18.47,18.97,31101300,0.0,0.0
2022-04-28,19.13,19.56,18.64,19.43,27601000,0.0,0.0
2022-04-29,19.15,19.51,18.72,18.77,24044900,0.0,0.0
2022-05-02,18.75,18.95,18.03,18.56,32639400,0.0,0.0
2022-05-03,18.68,19.34,18.34,19.13,30334200,0.0,0.0
2022-05-04,18.83,19.64,18.75,19.62,30759700,0.0,0.0
2022-05-05,19.25,19.52,18.38,18.54,32054500,0.0,0.0
2022-05-06,18.45,18.47,17.61,17.84,34360000,0.0,0.0
2022-05-09,17.36,17.58,16.21,16.32,37938900,0.0,0.0
2022-05-10,16.81,16.89,16.18,16.57,35775600,0.0,0.0
2022-05-11,16.55,17.09,15.91,15.97,34913300,0.0,0.0
2022-05-12,15.71,16.13,15.09,15.49,40155400,0.0,0.0
2022-05-13,15.84,16.65,15.82,16.58,31753100,0.0,0.0
2022-05-16,16.5,17.03,16.42,16.55,25223400,0.0,0.0
2022-05-17,17.16,17.83,17.07,17.82,28978500,0.0,0.0
2022-05-18,17.45,17.84,16.78,16.89,29441900,0.0,0.0
2022-05-19,16.63,17.14,16.57,16.75,28299800,0.0,0.0
2022-05-20,17.06,17.16,15.83,16.26,34090600,0.0,0.0
2022-05-23,16.43,16.86,16.14,16.75,24684500,0.0,0.0
2022-05-24,16.53,16.53,15.32,15.5,38817400,0.0,0.0
2022-05-25,15.44,16.18,15.41,16.13,31846900,0.0,0.0
2022-05-26,16.37,17.42,16.31,17.24,33955200,0.0,0.0
2022-05-27,17.45,18.21,17.34,18.13,27615600,0.0,0.0
2022-05-31,17.7,18.22,17.51,17.87,31158300,0.0,0.0
2022-06-01,18.07,18.1,16.98,17.29,32637900,0.0,0.0
2022-06-02,17.27,17.51,17.18,17.46,23337700,0.0,0.0
2022-06-03,17.0,17.05,16.09,16.22,46267600,0.0,0.0
2022-06-06,16.53,16.57,16.02,16.3,29567800,0.0,0.0
2022-06-07,16.1,16.73,15.96,16.69,29278100,0.0,0.0
2022-06-08,16.39,16.69,16.11,16.15,22558800,0.0,0.0
2022-06-09,16.08,16.22,15.46,15.47,31530200,0.0,0.0
2022-06-10,15.09,15.83,14.71,14.71,46180100,0.0,0.0
2022-06-13,14.12,14.16,13.13,13.32,55496100,0.0,0.0
2022-06-14,13.6,13.66,12.76,12.95,43628700,0.0,0.0
2022-06-15,13.07,13.68,13.02,13.31,49703400,0.0,0.0
2022-06-16,12.9,12.9,11.96,12.16,56545200,0.0,0.0
2022-06-17,12.2,13.07,11.93,12.94,52537800,0.0,0.0
2022-06-21,13.22,13.24,12.62,13.04,39780800,0.0,0.0
2022-06-22,12.82,13.43,12.76,13.1,34193500,0.0,0.0
2022-06-23,13.02,13.18,12.58,12.98,31067800,0.0,0.0
2022-06-24,12.97,13.96,12.89,13.9,41326600,0.0,0.0
2022-06-27,13.96,13.96,13.38,13.56,26086200,0.0,0.0
2022-06-28,13.8,14.48,13.47,13.5,36500500,0.0,0.0
2022-06-29,13.23,13.24,12.77,13.03,34351000,0.0,0.0
2022-06-30,12.6,12.88,12.25,12.68,37521400,0.0,0.0
2022-07-01,12.78,13.18,12.52,13.13,34110400,0.0,0.0
2022-07-05,12.81,13.88,12.55,13.88,43922100,0.0,0.0
2022-07-06,13.75,14.09,13.64,13.89,30792600,0.0,0.0
2022-07-07,13.94,14.2,13.64,14.1,33327700,0.0,0.0
2022-07-08,13.96,14.27,13.72,13.97,28114100,0.0,0.0
2022-07-11,13.82,13.97,13.31,13.43,25163100,0.0,0.0
2022-07-12,13.63,15.04,13.56,14.77,74980100,0.0,0.0
2022-07-13,14.04,14.44,13.7,14.31,45289800,0.0,0.0
2022-07-14,14.18,14.87,14.05,14.25,39441400,0.0,0.0
2022-07-15,14.49,14.56,14.05,14.47,30182000,0.0,0.0
2022-07-18,14.83,15.16,14.52,14.54,31995000,0.0,0.0
2022-07-19,14.9,15.27,14.87,15.16,30099600,0.0,0.0
2022-07-20,15.14,15.42,14.9,15.21,39746400,0.0,0.0
2022-07-21,14.67,14.69,13.81,14.08,64624900,0.0,0.0
2022-07-22,14.11,14.28,13.63,13.68,38345400,0.0,0.0
2022-07-25,13.62,13.8,13.3,13.75,28368500,0.0,0.0
2022-07-26,13.52,13.65,13.35,13.43,23978100,0.0,0.0
2022-07-27,13.71,14.03,13.35,13.97,36408900,0.0,0.0
2022-07-28,13.69,14.04,13.29,13.76,35834400,0.0,0.0
2022-07-29,13.59,13.92,13.49,13.71,26238200,0.0,0.0
2022-08-01,13.67,14.32,13.52,14.28,32730800,0.0,0.0
2022-08-02,14.05,14.4,13.9,14.06,27440000,0.0,0.0
2022-08-03,14.2,14.7,14.15,14.63,28366500,0.0,0.0
2022-08-04,14.53,14.97,14.51,14.86,27102900,0.0,0.0
2022-08-05,14.62,14.98,14.61,14.74,19503800,0.0,0.0
2022-08-08,14.87,15.28,14.82,15.02,23643500,0.0,0.0
2022-08-09,14.87,14.88,14.38,14.62,23706400,0.0,0.0
2022-08-10,15.11,15.39,14.95,15.07,32383200,0.0,0.0
2022-08-11,15.4,15.46,14.9,14.99,32357500,0.0,0.0
2022-08-12,15.16,15.29,15.03,15.25,21151000,0.0,0.0
2022-08-15,15.27,15.55,15.25,15.33,18364000,0.0,0.0
2022-08-16,15.3,15.71,15.11,15.5,23668500,0.0,0.0
2022-08-17,15.23,15.29,14.78,14.96,28352800,0.0,0.0
2022-08-18,14.98,15.02,14.73,14.84,19271200,0.0,0.0
2022-08-19,14.5,14.57,13.96,14.17,31593300,0.0,0.0
2022-08-22,13.78,13.92,13.61,13.71,25120700,0.0,0.0
2022-08-23,13.78,13.93,13.59,13.82,25500100,0.0,0.0
2022-08-24,13.84,14.05,13.77,13.99,17825100,0.0,0.0
2022-08-25,14.17,14.46,14.09,14.42,22167800,0.0,0.0
2022-08-26,14.41,14.54,13.71,13.74,23177500,0.0,0.0
2022-08-29,13.51,13.71,13.45,13.51,21391200,0.0,0.0
2022-08-30,13.61,13.68,13.2,13.33,25076800,0.0,0.0
2022-08-31,13.49,13.53,12.96,12.99,27923800,0.0,0.0
2022-09-01,12.87,12.95,12.5,12.93,29871200,0.0,0.0
2022-09-02,13.15,13.35,12.87,12.99,26922500,0.0,0.0
2022-09-06,13.19,13.26,12.74,13.22,27966400,0.0,0.0
2022-09-07,13.27,13.93,13.22,13.89,32867600,0.0,0.0
2022-09-08,13.67,14.12,13.56,13.96,26437600,0.0,0.0
2022-09-09,14.1,14.25,14.01,14.19,23927900,0.0,0.0
2022-09-12,14.35,14.67,14.32,14.47,27655300,0.0,0.0
2022-09-13,13.93,14.11,13.63,13.68,31432900,0.0,0.0
2022-09-14,13.62,14.04,13.27,14.03,30564000,0.0,0.0
2022-09-15,13.91,14.56,13.9,14.27,28334700,0.0,0.0
2022-09-16,13.94,14.02,13.62,13.75,27319000,0.0,0.0
2022-09-19,13.6,14.3,13.6,14.21,25403200,0.0,0.0
2022-09-20,14.2,14.33,13.69,13.97,31083400,0.0,0.0
2022-09-21,13.85,13.85,13.23,13.23,40988700,0.0,0.0
2022-09-22,13.3,13.33,12.52,12.71,44037600,0.0,0.0
2022-09-23,12.48,12.57,11.86,12.21,53874900,0.0,0.0
2022-09-26,12.18,12.43,11.85,11.86,38155600,0.0,0.0
2022-09-27,12.19,12.51,11.91,12.27,44010500,0.0,0.0
2022-09-28,12.24,12.8,12.08,12.75,34069300,0.0,0.0
2022-09-29,12.53,12.55,12.09,12.25,34402800,0.0,0.0
2022-09-30,12.13,12.4,12.01,12.04,30111400,0.0,0.0
2022-10-03,12.02,12.23,11.65,11.92,41156700,0.0,0.0
2022-10-04,12.31,13.05,12.3,12.95,47616000,0.0,0.0
2022-10-05,12.63,12.96,12.43,12.87,28172500,0.0,0.0
2022-10-06,12.77,13.0,12.4,12.73,31569300,0.0,0.0
2022-10-07,12.5,12.54,11.95,12.18,37297700,0.0,0.0
2022-10-10,12.2,12.32,11.86,12.05,29602600,0.0,0.0
2022-10-11,12.74,12.86,11.79,12.26,64438100,0.0,0.0
2022-10-12,12.21,12.83,11.98,12.7,40359200,0.0,0.0
2022-10-13,12.5,13.2,12.18,13.05,53206100,0.0,0.0
2022-10-14,13.35,13.58,12.96,13.11,34831700,0.0,0.0
2022-10-17,13.53,13.59,12.92,13.2,39973800,0.0,0.0
2022-10-18,13.57,13.88,13.46,13.7,38762400,0.0,0.0
2022-10-19,13.98,14.28,13.72,13.99,55466400,0.0,0.0
2022-10-20,13.95,14.27,13.43,13.46,58239700,0.0,0.0
2022-10-21,13.36,13.87,13.21,13.71,36760000,0.0,0.0
2022-10-24,13.75,14.12,13.59,14.1,32811000,0.0,0.0
2022-10-25,14.05,14.37,13.93,14.29,27677200,0.0,0.0
2022-10-26,14.14,14.44,13.99,14.0,28273700,0.0,0.0
2022-10-27,14.18,14.48,13.96,13.97,25575200,0.0,0.0
2022-10-28,14.0,14.1,13.79,14.0,26410600,0.0,0.0
2022-10-31,14.03,14.32,13.89,14.18,26486700,0.0,0.0
2022-11-01,14.44,14.54,14.1,14.11,25606900,0.0,0.0
2022-11-02,14.0,14.27,13.55,13.58,34816100,0.0,0.0
2022-11-03,13.36,13.87,13.2,13.73,25312300,0.0,0.0
2022-11-04,14.06,14.4,13.86,14.11,28238500,0.0,0.0
2022-11-07,14.32,14.39,13.86,14.32,23797300,0.0,0.0
2022-11-08,14.29,14.45,14.08,14.25,25415700,0.0,0.0
2022-11-09,14.12,14.34,13.97,13.98,21047200,0.0,0.0
2022-11-10,14.46,14.99,14.36,14.93,35599100,0.0,0.0
2022-11-11,15.0,15.08,14.72,14.88,24134000,0.0,0.0
2022-11-14,14.79,15.03,14.55,14.68,26266600,0.0,0.0
2022-11-15,15.02,15.18,14.53,14.61,29423100,0.0,0.0
2022-11-16,14.45,14.47,14.01,14.09,28858000,0.0,0.0
2022-11-17,13.82,14.02,13.68,13.95,24041700,0.0,0.0
2022-11-18,14.26,14.58,13.92,14.05,25968300,0.0,0.0
2022-11-21,14.02,14.27,13.8,13.85,25708400,0.0,0.0
2022-11-22,13.85,14.03,13.36,13.98,26387000,0.0,0.0
2022-11-23,13.98,14.43,13.88,14.42,23686400,0.0,0.0
2022-11-25,14.4,14.7,14.35,14.5,9903900,0.0,0.0
2022-11-28,14.34,14.44,13.82,13.83,21313800,0.0,0.0
2022-11-29,13.89,14.16,13.83,14.14,17335300,0.0,0.0
2022-11-30,14.12,14.45,13.93,14.43,21241800,0.0,0.0
2022-12-01,14.46,14.57,13.93,13.98,26519600,0.0,0.0
2022-12-02,13.82,13.98,13.67,13.97,24124300,0.0,0.0
2022-12-05,13.84,14.34,13.82,14.11,27029000,0.0,0.0
2022-12-06,14.14,14.34,14.0,14.33,20781500,0.0,0.0
2022-12-07,14.24,14.24,13.53,13.55,28161400,0.0,0.0
2022-12-08,13.65,13.8,13.38,13.6,25300900,0.0,0.0
2022-12-09,13.52,13.66,13.42,13.53,18535400,0.0,0.0
2022-12-12,13.49,14.21,13.45,14.2,23344600,0.0,0.0
2022-12-13,14.6,14.74,13.29,13.46,51620100,0.0,0.0
2022-12-14,13.58,13.69,13.24,13.35,33728900,0.0,0.0
2022-12-15,13.16,13.31,12.8,12.93,26158300,0.0,0.0
2022-12-16,12.97,13.1,12.59,12.81,26395000,0.0,0.0
2022-12-19,12.85,12.89,12.46,12.48,21884000,0.0,0.0
2022-12-20,12.42,12.62,12.38,12.53,20354200,0.0,0.0
2022-12-21,12.69,13.22,12.65,13.03,29778900,0.0,0.0
2022-12-22,12.98,13.0,12.23,12.56,25372900,0.0,0.0
2022-12-23,12.51,12.71,12.33,12.71,17181200,0.0,0.0
2022-12-27,12.62,12.79,12.4,12.53,18878200,0.0,0.0
2022-12-28,12.52,12.68,12.25,12.32,20470400,0.0,0.0
2022-12-29,12.39,12.71,12.3,12.7,19706300,0.0,0.0
2022-12-30,12.55,12.83,12.53,12.72,19002800,0.0,0.0
